-- MySQL dump 10.13  Distrib 5.7.24, for osx11.1 (x86_64)
--
-- Host: localhost    Database: wine_preference
-- ------------------------------------------------------
-- Server version	8.0.42

/*!40101 SET @OLD_CHARACTER_SET_CLIENT=@@CHARACTER_SET_CLIENT */;
/*!40101 SET @OLD_CHARACTER_SET_RESULTS=@@CHARACTER_SET_RESULTS */;
/*!40101 SET @OLD_COLLATION_CONNECTION=@@COLLATION_CONNECTION */;
/*!40101 SET NAMES utf8 */;
/*!40103 SET @OLD_TIME_ZONE=@@TIME_ZONE */;
/*!40103 SET TIME_ZONE='+00:00' */;
/*!40014 SET @OLD_UNIQUE_CHECKS=@@UNIQUE_CHECKS, UNIQUE_CHECKS=0 */;
/*!40014 SET @OLD_FOREIGN_KEY_CHECKS=@@FOREIGN_KEY_CHECKS, FOREIGN_KEY_CHECKS=0 */;
/*!40101 SET @OLD_SQL_MODE=@@SQL_MODE, SQL_MODE='NO_AUTO_VALUE_ON_ZERO' */;
/*!40111 SET @OLD_SQL_NOTES=@@SQL_NOTES, SQL_NOTES=0 */;

--
-- Table structure for table `Rating`
--

DROP TABLE IF EXISTS `Rating`;
/*!40101 SET @saved_cs_client     = @@character_set_client */;
/*!40101 SET character_set_client = utf8 */;
CREATE TABLE `Rating` (
  `ratingID` int NOT NULL AUTO_INCREMENT,
  `wineID` int DEFAULT NULL,
  `wine` varchar(50) DEFAULT NULL,
  `rating` float DEFAULT NULL,
  PRIMARY KEY (`ratingID`),
  KEY `wineID` (`wineID`),
  CONSTRAINT `rating_ibfk_1` FOREIGN KEY (`wineID`) REFERENCES `Wine` (`wineID`)
) ENGINE=InnoDB AUTO_INCREMENT=1236 DEFAULT CHARSET=utf8mb4 COLLATE=utf8mb4_0900_ai_ci;
/*!40101 SET character_set_client = @saved_cs_client */;

--
-- Dumping data for table `Rating`
--

LOCK TABLES `Rating` WRITE;
/*!40000 ALTER TABLE `Rating` DISABLE KEYS */;
INSERT INTO `Rating` VALUES (1,697,'17',4.4),(2,46,'1730 Amontillado',4.3),(3,47,'1730 Pedro Ximenez',4.4),(4,590,'1902 Centenary Carignan Priorat',4.6),(5,590,'1902 Centenary Carignan Priorat',4.7),(6,591,'1903 Centenary Grenache',4.6),(8,896,'200 Monges Edicion Exclusiva Blanco Reserva',4.3),(9,897,'200 Monges Rioja Gran Reserva',4.3),(10,897,'200 Monges Rioja Gran Reserva',4.4),(11,898,'200 Monges Rioja Reserva',4.2),(12,898,'200 Monges Rioja Reserva',4.3),(13,898,'200 Monges Rioja Reserva',4.4),(14,899,'200 Monges Rioja Reserva Seleccion Especial',4.5),(15,900,'200 Monges Rioja Seleccion Especial Reserva Blanco',4.4),(16,709,'27 Ribera del Duero',4.2),(17,5,'3.9',4.2),(18,5,'3.9',4.3),(20,467,'30 Years VORS Pedro Ximenez Sherry',4.4),(21,824,'3er Ano Ribera del Duero Tinto',4.3),(22,824,'3er Ano Ribera del Duero Tinto',4.4),(23,911,'4 Varietales Coleccion Rioja',4.4),(24,875,'40 Aniversario Gran Reserva',4.6),(25,260,'5 Finques (Fincas) Reserva',4.2),(26,228,'5 Partides Gratallops Vi de La Vila',4.4),(27,13,'5V Blanco',4.4),(28,418,'5o Ano',4.3),(29,825,'5o Ano Ribera del Duero Tinto',4.5),(30,825,'5o Ano Ribera del Duero Tinto',4.6),(31,86,'8 Vents Mallorca',4.3),(32,554,'8000',4.5),(33,517,'A Mano Rioja',4.2),(34,517,'A Mano Rioja',4.3),(35,517,'A Mano Rioja',4.4),(36,515,'A Pita Cega',4.3),(37,540,'A Torna dos Pasas Escolma Ribeiro',4.3),(38,558,'AAA',4.5),(39,558,'AAA',4.6),(40,134,'ARX Arcos de la Frontera',4.3),(41,56,'Abuelo Diego Palo Cortado',4.7),(42,181,'Acediano',4.3),(43,181,'Acediano',4.4),(44,181,'Acediano',4.5),(45,706,'Adaro',4.2),(46,430,'Adega do Moucho Treixadura',4.6),(47,811,'Alabaster',4.6),(48,811,'Alabaster',4.7),(49,84,'Alaya Tierra (Old Vines Vieilles Vignes)',4.4),(50,690,'Alba de Miros Rueda Verdejo',4.5),(51,687,'Albarino',4.3),(52,770,'Albarino (O Rosal)',4.3),(53,688,'Albarino Pedralonga',4.3),(54,510,'Albarino Sobre Lias',4.3),(55,406,'Albarino de Fefinanes III Ano',4.4),(56,304,'Alenza Ribera del Duero Gran Reserva',4.3),(57,251,'Alexander vs. The Ham Factory',4.2),(58,916,'Alicante Bouschet by Tarima',4.3),(59,820,'Alma Tobia Blanco',4.4),(60,821,'Alma Tobia Rioja',4.5),(61,21,'Alma de Mar Albarino',4.3),(62,317,'Alomado',4.3),(63,126,'Altar',4.3),(64,880,'Alto de la Caseta',4.3),(65,880,'Alto de la Caseta',4.4),(66,41,'Altos R Pigeage',4.3),(67,42,'Altos R Pigeage Graciano',4.3),(68,43,'Altos R Pigeage Nacido en Barrica Blanco',4.4),(69,888,'Altos de Las Gateras Monastrell',4.5),(70,536,'Altos de Losada',4.2),(71,536,'Altos de Losada',4.3),(72,537,'Altos de Losada El Cepon',4.3),(73,783,'Amancio',4.3),(74,783,'Amancio',4.4),(75,783,'Amancio',4.5),(76,783,'Amancio',4.6),(77,76,'Amaya Arzuaga (Coleccion)',4.3),(78,76,'Amaya Arzuaga (Coleccion)',4.6),(79,497,'Amontillado 30 Years Old V.O.R.S Sherry',4.4),(80,651,'Amontillado 51-1a 30 Years VORS Sherry',4.3),(82,764,'Amontillado Saca',4.4),(83,192,'Amontillado Tradicion Vors 30 Years',4.4),(84,197,'Amontillado V.O.R.S',4.3),(85,62,'An',4.2),(86,62,'An',4.3),(87,62,'An',4.4),(88,440,'Anada Palo Cortado 1987',4.5),(89,440,'Anada Palo Cortado 1987',4.7),(90,212,'Anada Pedro Ximenez',4.4),(91,23,'Anadelia',4.3),(92,149,'Angel Ribera del Duero',4.3),(93,139,'Angeles de Amaren Tempranillo - Graciano',4.2),(94,92,'Antigues Reserves',4.3),(95,410,'Antique Palo Cortado',4.2),(96,162,'Aponte Winemaker\'s Private Collection Tempranillo',4.4),(97,441,'Apostoles 30 Years Old Sherry',4.3),(98,38,'Aquilon Garnacha',4.4),(99,38,'Aquilon Garnacha',4.6),(100,38,'Aquilon Garnacha',4.7),(101,135,'Arcos de la Frontera',4.3),(102,588,'Argila Reserva 3 Anys Brut Nature',4.3),(103,644,'Arnau Oller Seleccio de la Familia',4.3),(104,625,'Aro',4.5),(105,581,'Arousa',4.4),(106,171,'Artigas',4.2),(107,171,'Artigas',4.3),(108,726,'As Sortes Val do Bibei Godello',4.4),(109,726,'As Sortes Val do Bibei Godello',4.5),(110,157,'Atlantico',4.4),(111,151,'Atteca Armas Garnacha Old Vines',4.3),(112,89,'Attis Embaixador Albarino',4.3),(113,701,'Aurea',4.3),(114,25,'Aurus',4.3),(115,25,'Aurus',4.4),(116,25,'Aurus',4.6),(117,330,'B.Rodriguez La-Cave Quo Vadis?',4.4),(118,531,'Bagus Ribera del Duero',4.2),(119,566,'Baron de Chirel Rioja Reserva',4.3),(120,566,'Baron de Chirel Rioja Reserva',4.4),(121,566,'Baron de Chirel Rioja Reserva',4.5),(122,567,'Baron de Chirel Verdejo Vinas Centenarias',4.3),(123,835,'Baron de Ona Rioja Reserva',4.4),(124,514,'Barrica',4.4),(125,470,'Bassus Pinot Noir',4.2),(126,103,'Belondrade y Lurton',4.3),(127,103,'Belondrade y Lurton',4.5),(128,31,'Blanc de Neu',4.3),(129,88,'Blanco',4.3),(130,378,'Blanco',4.5),(131,427,'Blanco Afrutado',4.3),(132,2,'Blanco de Parcela',4.3),(133,890,'Blecua Somontano',4.3),(134,890,'Blecua Somontano',4.4),(135,890,'Blecua Somontano',4.6),(136,221,'Bosque de Matasnos Etiqueta Blanca',4.2),(137,221,'Bosque de Matasnos Etiqueta Blanca',4.3),(138,790,'Branco Vermu',4.3),(139,224,'Brega Garnacha',4.3),(140,495,'Bruto',4.5),(141,240,'CM Tinto',4.3),(142,379,'Cabernet',4.3),(143,327,'Cabernet Sauvignon',4.5),(144,270,'Cabrida Montsant',4.3),(145,523,'Calmo',4.5),(146,26,'Calvario Rioja',4.3),(147,26,'Calvario Rioja',4.4),(148,26,'Calvario Rioja',4.5),(149,583,'Cami Pesseroles',4.4),(150,583,'Cami Pesseroles',4.5),(151,583,'Cami Pesseroles',4.7),(152,759,'Cami de Cormes',4.4),(153,216,'Camino del Abuelo Vinas Viejas',4.3),(154,112,'Campo Eliseo',4.3),(155,113,'Campo Eliseo Blanco',4.3),(156,404,'Campus Gothorum',4.4),(157,919,'Canasta 20 Anos Cream',4.3),(158,545,'Candela Cream Dulce Sweet',4.2),(159,354,'Canta la Perdiz',4.5),(160,483,'Cantos del Diablo',4.3),(161,560,'Capellania Reserva',4.2),(162,560,'Capellania Reserva',4.3),(163,656,'Capitel',4.5),(164,656,'Capitel',4.6),(165,501,'Capricho',4.6),(166,874,'Capricho Crianza',4.4),(167,855,'Cardenal Palo Cortado VORS',4.3),(168,59,'Carinena Parcela 15 Vinas Viejas',4.4),(169,140,'Carraquintana de Amaren',4.5),(170,188,'Cartago Paraje de Pozo',4.5),(171,188,'Cartago Paraje de Pozo',4.6),(172,188,'Cartago Paraje de Pozo',4.7),(173,254,'Casa Cisca Monastrell',4.2),(174,254,'Casa Cisca Monastrell',4.3),(175,254,'Casa Cisca Monastrell',4.4),(176,254,'Casa Cisca Monastrell',4.6),(177,453,'Casta Diva Cosecha Miel Moscatel Dulce',4.4),(178,561,'Castillo Ygay Gran Reserva Especial Blanco',4.7),(179,562,'Castillo Ygay Gran Reserva Especial Tinto',4.3),(180,562,'Castillo Ygay Gran Reserva Especial Tinto',4.4),(181,562,'Castillo Ygay Gran Reserva Especial Tinto',4.5),(182,562,'Castillo Ygay Gran Reserva Especial Tinto',4.6),(183,562,'Castillo Ygay Gran Reserva Especial Tinto',4.7),(184,180,'Castillo de Monte la Reina Cuvee Privee',4.4),(185,394,'Castineiro Albarino',4.3),(186,499,'Cava Brut Milesime',4.3),(187,445,'Cava Celler Batlle',4.4),(188,431,'Cava Cuvee De Prestige Trepat',4.4),(189,299,'Cava El Tros Nou Pinot Noir',4.4),(190,446,'Cava Enoteca Finca La Plana Brut Nature',4.6),(191,447,'Cava Enoteca Finca de L\'Origen Brut Nature',4.5),(192,528,'Cava Ex-Vite Gran Reserva Brut',4.4),(193,452,'Cava Gran Reserva Familiar Millenium Brut',4.4),(194,500,'Cava Gran Reserva La Capella Brut',4.3),(195,20,'Cava Kripta Gran Reserva Brut Nature',4.3),(196,20,'Cava Kripta Gran Reserva Brut Nature',4.4),(197,20,'Cava Kripta Gran Reserva Brut Nature',4.5),(198,529,'Cava Original Brut (Espumos)',4.3),(199,529,'Cava Original Brut (Espumos)',4.4),(200,756,'Cava Reserva Especial Chardonnay Brut Nature',4.3),(201,760,'Cayetano del Pino Viejisimo Palo Cortado',4.5),(202,913,'Celia',4.3),(203,913,'Celia',4.5),(204,889,'Cenit',4.5),(205,435,'Cepas Vellas Godello',4.3),(206,338,'Cepas Vellas Rias Baixas Albarino',4.3),(207,338,'Cepas Vellas Rias Baixas Albarino',4.4),(208,267,'Cerrado del Castillo Rioja',4.4),(209,267,'Cerrado del Castillo Rioja',4.6),(210,183,'Cerro Anon Rioja Gran Reserva',4.3),(211,122,'Cerro La Isa Blanco',4.3),(212,123,'Cerro La Isa Garnacha',4.3),(213,436,'Cerro Las Cuevas Seleccion Terroir',4.3),(214,419,'Cerro del Lobo Syrah',4.3),(215,477,'Chafandin',4.3),(216,477,'Chafandin',4.4),(217,380,'Chardonnay Fermentado en Barrica',4.3),(218,904,'Chardonnay Roure',4.3),(219,381,'Chardonnay Uno',4.3),(220,381,'Chardonnay Uno',4.5),(221,83,'Christina Ribera del Duero',4.3),(222,83,'Christina Ribera del Duero',4.4),(223,172,'Cirerets',4.4),(224,185,'Cirsion Rioja',4.5),(225,185,'Cirsion Rioja',4.6),(226,185,'Cirsion Rioja',4.7),(227,284,'Classic',4.3),(228,284,'Classic',4.4),(229,155,'Clio',4.4),(230,155,'Clio',4.5),(231,370,'Clon De La Familia',4.6),(232,370,'Clon De La Familia',4.7),(233,553,'Clos Abella Seleccion Especial',4.3),(234,553,'Clos Abella Seleccion Especial',4.4),(235,800,'Clos Adrien',4.3),(236,312,'Clos Cypres Vinyes Velles (Old Vines)',4.3),(237,289,'Clos Figueres',4.3),(238,289,'Clos Figueres',4.4),(239,596,'Clos Fonta Priorat',4.3),(240,596,'Clos Fonta Priorat',4.6),(241,584,'Clos Martinet',4.3),(242,584,'Clos Martinet',4.4),(243,584,'Clos Martinet',4.5),(244,768,'Clos Monlleo',4.3),(245,768,'Clos Monlleo',4.4),(246,313,'Clos de L\'Obac',4.3),(247,313,'Clos de L\'Obac',4.5),(248,702,'Clos del Portal Negre de Negres',4.2),(249,703,'Clos del Portal Somni',4.2),(250,703,'Clos del Portal Somni',4.3),(251,703,'Clos del Portal Somni',4.4),(252,704,'Clos del Portal Tros de Clos',4.4),(253,34,'Club Rioja Reserva',4.3),(254,152,'Cofradia',4.4),(255,114,'Coleccion No. 3 Cosecha',4.3),(256,784,'Coleccion Privada',4.2),(257,784,'Coleccion Privada',4.3),(258,328,'Coleccion Privada',4.5),(259,35,'Coleccion Roberto Amillo Amontillado',4.3),(260,36,'Coleccion Roberto Amillo Palo Cortado',4.3),(261,131,'Coleccion Syrah',4.3),(262,856,'Coliseo Amontillado VORS',4.5),(263,292,'Com Tu',4.3),(264,392,'Coma Bruna',4.3),(265,597,'Coma Vella Priorat',4.2),(266,217,'Conde de Aldama Amontillado',4.6),(267,901,'Confesor Rioja',4.5),(268,115,'Contador Rioja',4.5),(269,115,'Contador Rioja',4.6),(270,115,'Contador Rioja',4.7),(271,168,'Corimbo I',4.2),(272,738,'Corpinnat Enoteca Reserva Particular de Recaredo',4.6),(273,739,'Corpinnat Terrers Brut Nature',4.2),(274,460,'Cosecha',4.3),(275,460,'Cosecha',4.4),(276,393,'Coster d\'en Fornos',4.3),(277,259,'Costers Del Segre 1780',4.3),(278,363,'Coto de Imaz Rioja Gran Reserva',4.2),(279,193,'Cream Tradicion Vos 20 Years',4.4),(280,601,'Crianza',4.2),(281,244,'Crianza',4.3),(282,670,'Crianza Tinto',4.2),(283,670,'Crianza Tinto',4.3),(284,679,'Crianza Vendimia Seleccionada',4.3),(285,819,'Cuatro Palmas Amontillado',4.5),(286,664,'Cuesta de Las Liebres',4.6),(287,664,'Cuesta de Las Liebres',4.7),(288,664,'Cuesta de Las Liebres',4.8),(289,518,'Culmen Reserva Rioja',4.4),(290,518,'Culmen Reserva Rioja',4.5),(291,45,'Cuvee Julia Ribera del Duero',4.5),(292,249,'Cuvee N Vinas Viejas',4.6),(293,917,'Cuvee Old Vines Unfiltered',4.4),(294,6,'Cuvee Palomar',4.6),(295,850,'Cuvee Verdejo',4.3),(296,420,'Cyclo',4.3),(297,563,'Dalmau Rioja',4.3),(298,563,'Dalmau Rioja',4.4),(299,563,'Dalmau Rioja',4.5),(300,563,'Dalmau Rioja',4.6),(301,286,'Daphne Glorian Red',4.7),(302,95,'De Garage Rioja',4.3),(303,95,'De Garage Rioja',4.4),(304,442,'Del Duque Amontillado Sherry VORS',4.2),(305,213,'Delicado Cosecha Pedro Ximenez',4.3),(306,213,'Delicado Cosecha Pedro Ximenez',4.4),(307,608,'Desti',4.4),(308,58,'Diables',4.5),(309,340,'Diego Magana',4.3),(310,592,'Doix',4.3),(311,592,'Doix',4.4),(312,592,'Doix',4.5),(313,32,'Dolc Mataro',4.3),(314,32,'Dolc Mataro',4.4),(315,314,'Dolc de L\'Obac',4.6),(316,341,'Dominio de Atauta',4.2),(317,341,'Dominio de Atauta',4.3),(318,283,'Dominio del Pidio',4.4),(319,275,'Dominio del Verso Red Blend',4.5),(321,301,'Don Miguel',4.4),(322,302,'Don Miguel Comenge Reserva',4.3),(323,828,'Don PX Convento Seleccion',4.4),(324,828,'Don PX Convento Seleccion',4.7),(325,828,'Don PX Convento Seleccion',4.8),(326,829,'Don PX Gran Reserva',4.3),(327,829,'Don PX Gran Reserva',4.4),(328,830,'Don PX Pedro Ximenez',4.3),(329,830,'Don PX Pedro Ximenez',4.4),(330,830,'Don PX Pedro Ximenez',4.6),(331,830,'Don PX Pedro Ximenez',4.7),(332,830,'Don PX Pedro Ximenez',4.8),(333,831,'Don PX Seleccion',4.4),(334,831,'Don PX Seleccion',4.5),(335,831,'Don PX Seleccion',4.6),(336,832,'Don PX Vieja Cosecha',4.5),(337,671,'Doroteo Edicion Especial 25 Aniversario',4.6),(339,222,'Edicion Limitada',4.4),(340,256,'Ekam',4.3),(341,257,'Ekam Essencia',4.4),(342,665,'El Anejon',4.7),(343,665,'El Anejon',4.8),(344,191,'El Belisario',4.4),(345,281,'El Cabernet F - Familiar',4.4),(346,909,'El Canto del Angel',4.5),(347,68,'El Carretil',4.4),(348,68,'El Carretil',4.5),(349,68,'El Carretil',4.6),(350,609,'El Cel',4.4),(351,539,'El Cordero y las Virgenes',4.3),(352,141,'El Cristo de Samaniego',4.4),(353,707,'El Cuentista',4.3),(354,713,'El Garnacho Viejo de la Familia Acha',4.6),(355,164,'El Jardin de las Iguales Vinedo Historico Garnacha',4.4),(356,156,'El Nido',4.7),(357,156,'El Nido',4.8),(358,893,'El Puntido',4.2),(359,893,'El Puntido',4.3),(360,894,'El Puntido Gran Reserva',4.3),(361,894,'El Puntido Gran Reserva',4.4),(362,142,'El Regollar',4.7),(363,484,'El Reventon Cebreros',4.3),(364,237,'El Rocallis',4.3),(365,357,'El Titan del Bendito',4.5),(366,357,'El Titan del Bendito',4.6),(367,796,'El Velado Tinto',4.3),(368,606,'El Viejo',4.2),(369,606,'El Viejo',4.3),(370,606,'El Viejo',4.4),(371,708,'Elite',4.3),(372,585,'Els Escurcons',4.3),(373,585,'Els Escurcons',4.4),(374,559,'Emeritvs (Emeritus)',4.3),(375,559,'Emeritvs (Emeritus)',4.5),(376,261,'Emporda Aires de Garbet',4.4),(377,262,'Emporda Gran Claustro',4.4),(378,263,'Emporda Reserva Especial Don Miguel Mateu',4.3),(379,19,'Envidiacochina (Tete de Cuvee)',4.2),(380,66,'Eolic Sauvignon Blanc',4.3),(381,87,'Epistem No. 3',4.3),(382,276,'Estrats',4.3),(383,276,'Estrats',4.5),(384,17,'Etern Vinyes Molt Velles',4.6),(385,146,'Fagus de Coto de Hayas Garnacha',4.3),(386,473,'Falguera',4.3),(387,303,'Familia Comenge Reserva',4.3),(388,159,'Faustino de Autor Reserva Especial',4.3),(389,94,'Felix Azpilicueta Coleccion Privada',4.4),(390,826,'Fermentado En Barrica Blanco',4.3),(391,199,'Finca Azaya Premium',4.3),(392,109,'Finca Biniagual Veran',4.3),(393,593,'Finca Butaros Vinya Centenaria',4.4),(394,463,'Finca Cascorrales',4.5),(395,232,'Finca Cuesta Clara Raro Reserva',4.3),(396,48,'Finca Dofi',4.2),(397,48,'Finca Dofi',4.3),(398,48,'Finca Dofi',4.4),(399,48,'Finca Dofi',4.5),(400,794,'Finca El Canto',4.5),(401,82,'Finca El Otero',4.2),(402,82,'Finca El Otero',4.3),(403,264,'Finca Garbet',4.5),(404,264,'Finca Garbet',4.6),(405,167,'Finca Helena',4.4),(406,468,'Finca Iscorta Gran Reserva',4.3),(407,903,'Finca La Colina Sauvignon Blanc',4.5),(408,891,'Finca La Emperatriz Vinedo Singular Tinto',4.4),(409,44,'Finca La Herradura',4.3),(410,361,'Finca La Pedrissa',4.3),(411,490,'Finca Las Comas Verdejo',4.3),(412,490,'Finca Las Comas Verdejo',4.5),(413,924,'Finca Las Naves',4.6),(414,316,'Finca Los Hoyales Ribera del Duero',4.3),(415,316,'Finca Los Hoyales Ribera del Duero',4.4),(416,316,'Finca Los Hoyales Ribera del Duero',4.5),(417,444,'Finca Los Quemados',4.3),(418,265,'Finca Malaveina',4.2),(419,265,'Finca Malaveina',4.3),(420,836,'Finca Martelo',4.3),(421,620,'Finca Matambres',4.3),(422,253,'Finca Misenhora Edicion Limitada',4.6),(423,863,'Finca Monteviejo',4.3),(424,632,'Finca Terrerazo',4.2),(425,632,'Finca Terrerazo',4.3),(426,241,'Finca Valmediano Tinta de Toro 16 Meses Barrica',4.3),(427,785,'Finca el Bosque',4.4),(428,785,'Finca el Bosque',4.5),(429,785,'Finca el Bosque',4.6),(430,864,'Finca la Atalaya Reserva',4.3),(431,353,'Finca la Beata Bobal',4.3),(432,457,'Finca la Oracion',4.3),(433,214,'Finest Old Harvest Medium',4.2),(434,336,'Fino Imperial Amontillado 30 Anos',4.5),(435,169,'Fino La Barajuela',4.3),(436,350,'Flor de Pingus',4.4),(437,350,'Flor de Pingus',4.5),(438,350,'Flor de Pingus',4.6),(439,271,'Flor de Primavera Peraj Ha\'abib',4.3),(440,618,'Fondillon',4.4),(441,318,'Fondillon Gran Reserva',4.2),(442,290,'Formiga de Vellut',4.2),(443,428,'Fos Baranda',4.3),(444,509,'Fourth Edition',4.4),(445,568,'Frank Gehry Selection',4.6),(446,1,'Fuenmayor Gran Reserva',4.3),(447,291,'Galena',4.3),(448,291,'Galena',4.4),(449,368,'Galia Clos Santuy',4.3),(450,368,'Galia Clos Santuy',4.5),(451,147,'Galiano Seleccion Especial',4.6),(452,582,'Gallaecia Rias Baixes Albarino',4.4),(453,27,'Gaminde',4.3),(454,39,'Garnacha',4.3),(455,39,'Garnacha',4.4),(456,39,'Garnacha',4.5),(457,60,'Garnacha Parcela 81 Vinas Viejas',4.5),(458,638,'Garnacha Tintorera',4.3),(459,682,'Garnacha Vinas Centenarias',4.4),(460,555,'Gaudium',4.3),(461,555,'Gaudium',4.4),(462,555,'Gaudium',4.5),(463,448,'Gessami',4.2),(464,833,'Gines Liebana Pedro Ximenez',4.6),(465,693,'Giro de Abargues',4.3),(466,658,'Gloria Rioja',4.3),(467,658,'Gloria Rioja',4.4),(468,91,'Godello',4.3),(469,176,'Godello Blanco',4.3),(470,176,'Godello Blanco',4.4),(471,623,'Godina Garnacha',4.3),(472,144,'Graciano',4.3),(473,77,'Gran Arzuaga Ribera del Duero',4.6),(474,694,'Gran Barquero Palo Cortado Solera 25 Anos',4.3),(475,598,'Gran Buig Priorat',4.6),(476,663,'Gran Calzadilla',4.3),(477,663,'Gran Calzadilla',4.4),(478,710,'Gran Reserva',4.2),(479,710,'Gran Reserva',4.3),(480,511,'Gran Reserva',4.4),(481,746,'Gran Reserva',4.5),(482,325,'Gran Reserva',4.7),(483,502,'Gran Reserva 890',4.3),(484,502,'Gran Reserva 890',4.5),(485,502,'Gran Reserva 890',4.7),(486,502,'Gran Reserva 890',4.8),(487,458,'Gran Reserva Classica Blanco',4.4),(488,459,'Gran Reserva Classica Tinto',4.4),(489,355,'Gran Reserva Penas Aladas',4.5),(490,355,'Gran Reserva Penas Aladas',4.6),(491,78,'Gran Reserva Ribera del Duero',4.3),(492,78,'Gran Reserva Ribera del Duero',4.4),(493,78,'Gran Reserva Ribera del Duero',4.5),(494,233,'Gran Reserva Rioja',4.2),(495,574,'Gran Reserva Rioja',4.3),(496,564,'Gran Reserva Rioja (Finca Ygay)',4.2),(497,564,'Gran Reserva Rioja (Finca Ygay)',4.3),(498,720,'Gran Reserva Rosado',4.4),(499,754,'Gran Ribera del Duero',4.4),(500,683,'Gran Vino Albarino',4.5),(501,67,'Gran Vino Blanco',4.3),(502,69,'Grandes Anadas Rioja',4.3),(503,69,'Grandes Anadas Rioja',4.4),(504,69,'Grandes Anadas Rioja',4.5),(505,743,'Granja Gran Reserva Rioja',4.3),(506,743,'Granja Gran Reserva Rioja',4.4),(507,925,'Grano a Grano',4.5),(508,14,'Grano a Grano Graciano - Garnacha',4.5),(509,15,'Grano a Grano Tempranillo',4.3),(510,396,'Grans Muralles',4.3),(511,396,'Grans Muralles',4.4),(512,396,'Grans Muralles',4.5),(513,229,'Gratallops Escanya-Vella',4.3),(514,771,'Gratallops Partida Bellvisos',4.4),(515,771,'Gratallops Partida Bellvisos',4.5),(516,364,'Grillo',4.3),(517,521,'Guarda de Leda Seleccion Tempranillo',4.4),(518,220,'Gueta-Lupia',4.3),(519,782,'Habis',4.3),(520,575,'Hacienda Pradolagar',4.4),(521,777,'Heaven & Hell',4.3),(522,772,'Heretge Priorat',4.4),(523,676,'Hipperia Red Blend',4.3),(524,676,'Hipperia Red Blend',4.4),(525,542,'Hiru 3 Rioja Racimos',4.3),(526,805,'Hispania',4.3),(527,805,'Hispania',4.4),(528,858,'Honoris',4.3),(529,272,'Horcajo',4.6),(530,160,'I Gran Reserva',4.2),(531,160,'I Gran Reserva',4.3),(532,107,'III a.C',4.3),(533,859,'Idus',4.4),(534,859,'Idus',4.6),(535,914,'Ines',4.3),(536,610,'Inici',4.2),(537,90,'Interpretacion',4.4),(538,305,'Iugiter',4.3),(540,546,'Jerez-Xeres-Sherry 30 Year Old Oloroso VORS',4.3),(541,489,'Juan Piernas Finca El Paso Malo Monastrell',4.3),(542,852,'Juegabolos',4.3),(543,320,'Julia',4.3),(544,496,'Jumilla Blue Label',4.2),(545,496,'Jumilla Blue Label',4.4),(546,660,'Kalamity Rioja',4.4),(547,660,'Kalamity Rioja',4.6),(548,49,'L\'Ermita Velles Vinyes Priorat',4.5),(549,49,'L\'Ermita Velles Vinyes Priorat',4.6),(550,49,'L\'Ermita Velles Vinyes Priorat',4.7),(551,49,'L\'Ermita Velles Vinyes Priorat',4.8),(552,524,'La Aguilera',4.4),(553,85,'La Atalaya del Camino',4.2),(554,50,'La Baixada',4.4),(555,209,'La Baraja',4.3),(556,173,'La Basseta',4.3),(557,173,'La Basseta',4.4),(558,173,'La Basseta',4.5),(559,538,'La Bienquerida',4.3),(560,538,'La Bienquerida',4.4),(561,538,'La Bienquerida',4.5),(562,387,'La Bota 69 de Amontillado',4.3),(563,388,'La Bota 78 de Oloroso',4.7),(564,389,'La Bota 90 de Manzanilla Pasada',4.4),(565,231,'La Casilla Amontillado',4.3),(566,358,'La Chispa Negra',4.3),(567,684,'La Comtesse de Pazo Barrantes Albarino',4.4),(568,174,'La Creu Alta',4.5),(569,174,'La Creu Alta',4.6),(570,871,'La Cuartilleja Reserva',4.3),(571,871,'La Cuartilleja Reserva',4.4),(572,116,'La Cueva del Contador Rioja',4.3),(573,116,'La Cueva del Contador Rioja',4.4),(574,116,'La Cueva del Contador Rioja',4.5),(575,331,'La Faraona Bierzo (Corullon)',4.5),(576,331,'La Faraona Bierzo (Corullon)',4.6),(577,331,'La Faraona Bierzo (Corullon)',4.8),(578,371,'La Felisa',4.2),(579,64,'La Hormiga de Antidoto',4.3),(580,64,'La Hormiga de Antidoto',4.4),(581,614,'La Loma',4.5),(582,614,'La Loma',4.7),(583,165,'La Loma & Los Santos Garnacha Blanca - Macabeo',4.3),(584,803,'La Mar',4.3),(585,70,'La Morera de San Lazaro',4.3),(586,719,'La Mula de la Quietud',4.5),(587,719,'La Mula de la Quietud',4.7),(588,877,'La Navilla',4.4),(589,895,'La Nieta',4.6),(590,895,'La Nieta',4.7),(591,432,'La Pizca',4.4),(592,595,'La Plazuela',4.3),(593,71,'La Poza de Ballesteros',4.3),(594,71,'La Poza de Ballesteros',4.4),(595,71,'La Poza de Ballesteros',4.5),(596,71,'La Poza de Ballesteros',4.6),(597,372,'La Revelia Godello',4.2),(598,372,'La Revelia Godello',4.3),(599,549,'La Riva Fino Balbaina Alta',4.3),(600,102,'La Silleria',4.4),(601,175,'La Solana Alta',4.4),(602,526,'La Time',4.3),(603,117,'La Vina de Andres Romeo Rioja',4.3),(604,117,'La Vina de Andres Romeo Rioja',4.4),(605,513,'La Vinya del Vuit (8)',4.5),(606,659,'Laderas Rioja',4.3),(607,476,'Laderas de Inurrieta',4.3),(608,729,'Lalomba Finca Ladero',4.3),(609,730,'Lalomba Finca Valhonta',4.4),(610,360,'Lapola',4.3),(611,360,'Lapola',4.4),(612,97,'Las Botas Palo Cortado Horizontal',4.3),(613,892,'Las Cenizas Tempranillo',4.4),(614,485,'Las Iruelas El Tiemblo',4.3),(615,332,'Las Lamas Bierzo (Corullon)',4.3),(616,332,'Las Lamas Bierzo (Corullon)',4.5),(617,282,'Las Ocho (8) Tinto',4.2),(618,359,'Las Sabias',4.3),(619,287,'Laurel',4.3),(620,7,'Le Domaine Blanco de Guarda',4.3),(621,7,'Le Domaine Blanco de Guarda',4.4),(622,65,'Le Rose',4.3),(623,37,'Lealtanza Coleccion de Artistas Espanoles Sorolla',4.4),(624,51,'Les Aubaguetes Priorat',4.5),(625,51,'Les Aubaguetes Priorat',4.6),(626,306,'Les Brugueres',4.2),(627,486,'Les Eres Vinyes Velles',4.4),(628,808,'Les Manyes',4.3),(629,808,'Les Manyes',4.4),(630,52,'Les Terrasses Laderas de Pizarra',4.2),(631,53,'Les Terrasses Velles Vinyes Priorat',4.2),(632,809,'Les Tosses',4.4),(633,809,'Les Tosses',4.6),(634,342,'Llanos del Almendro Ribera del Duero',4.3),(635,342,'Llanos del Almendro Ribera del Duero',4.4),(636,322,'Lo Cabalo Reserva',4.3),(637,390,'Lo Cortinelo.Lo Blanc',4.4),(638,106,'Los Dominios de Berceo Prefiloxerico',4.4),(639,527,'Los Tabaqueros',4.3),(640,727,'Louro Godello',4.2),(641,806,'Luthier Gran Reserva',4.7),(642,104,'Macan',4.4),(643,104,'Macan',4.5),(644,104,'Macan',4.6),(645,105,'Macan Clasico',4.3),(646,105,'Macan Clasico',4.4),(647,395,'Maceracion Con Pieles',4.4),(648,786,'Magico',4.8),(649,465,'Magister',4.3),(650,493,'Maimo Garnatxa',4.3),(651,273,'Malabrigo Ribera del Duero',4.3),(652,273,'Malabrigo Ribera del Duero',4.4),(653,154,'Malbec',4.3),(654,373,'Malleolus',4.2),(655,373,'Malleolus',4.3),(656,373,'Malleolus',4.4),(657,374,'Malleolus de Sanchomartin',4.4),(658,374,'Malleolus de Sanchomartin',4.6),(659,374,'Malleolus de Sanchomartin',4.7),(660,375,'Malleolus de Valderramiro',4.5),(661,375,'Malleolus de Valderramiro',4.6),(662,375,'Malleolus de Valderramiro',4.7),(663,647,'Malpuesto',4.3),(664,647,'Malpuesto',4.4),(665,16,'Malvasia',4.3),(666,132,'Malvasia Volcanica',4.3),(667,433,'Manar dos Seixas',4.3),(668,293,'Manyetes',4.4),(669,747,'Maria Remirez de Ganuza',4.6),(670,747,'Maria Remirez de Ganuza',4.7),(671,30,'Maria Ribera del Duero',4.4),(672,133,'Marmajuelo',4.3),(673,834,'Marques de Poley Amontillado Seleccion 1951',4.5),(675,837,'Martelo Reserva',4.2),(676,837,'Martelo Reserva',4.3),(677,22,'Marti Reserva Penedes',4.4),(678,586,'Martinet Bru (Garnatxa - Syrah)',4.2),(679,28,'Martires Rioja',4.4),(680,397,'Mas La Plana Cabernet Sauvignon',4.2),(681,397,'Mas La Plana Cabernet Sauvignon',4.3),(682,611,'Mas Via Gran Reserva Brut',4.3),(683,611,'Mas Via Gran Reserva Brut',4.5),(684,239,'Mas de Masos',4.3),(685,860,'Mas de la Rosa',4.4),(686,600,'Mas del Serral',4.5),(687,773,'Masdeu',4.3),(688,580,'Masia Carreras Negre',4.3),(689,774,'Massipa de Scala Dei Garnatxa Blanca - Xenin',4.3),(690,797,'Matallana',4.3),(691,443,'Matusalem Sherry VORS',4.3),(692,362,'Merlot - Syrah',4.4),(693,414,'Milagros de Figuero',4.3),(694,816,'Millenium Gran Reserva',4.5),(695,817,'Millenium Reserva',4.4),(696,817,'Millenium Reserva',4.5),(697,398,'Milmanda',4.2),(698,252,'Minami',4.4),(699,635,'Mirador de Navajas Reserva Rioja',4.3),(700,691,'Mironia Black Edition Tempranillo',4.5),(701,731,'Mirto',4.2),(702,731,'Mirto',4.3),(703,315,'Miserere',4.4),(704,315,'Miserere',4.5),(705,798,'Molino Real',4.3),(706,798,'Molino Real',4.6),(707,923,'Monada',4.4),(708,266,'Monastrell - Syrah Finca Espolla',4.2),(709,333,'Moncerbal Bierzo (Corullon)',4.6),(710,236,'Monreal',4.3),(711,437,'Montes Obarenes Seleccion Terroir',4.3),(712,437,'Montes Obarenes Seleccion Terroir',4.4),(713,677,'Montes de Toledo Syrah',4.3),(714,677,'Montes de Toledo Syrah',4.4),(715,248,'Montsalvat',4.3),(716,525,'Moradillo de Roa',4.4),(717,407,'Mucho Mas Tinto',4.2),(718,98,'Muscat',4.2),(719,451,'Musivari Gran Reserva Brut Nature',4.3),(720,634,'Naiades',4.3),(721,278,'Navarra Coleccion 125 Blanco',4.4),(722,278,'Navarra Coleccion 125 Blanco',4.5),(723,279,'Navarra Reserva Coleccion 125',4.3),(724,280,'Navarra Vendimia Tardia Coleccion 125',4.3),(725,426,'Nebro Ribera del Duero',4.3),(726,426,'Nebro Ribera del Duero',4.5),(727,294,'Nelin Priorat',4.3),(728,648,'Nisia Las Suertes Verdejo Old Vines',4.3),(729,639,'Nit de Nin Mas d\'en Cacador',4.4),(730,639,'Nit de Nin Mas d\'en Cacador',4.6),(731,274,'Nivel',4.3),(732,488,'No. 2 Victoria',4.3),(733,488,'No. 2 Victoria',4.4),(734,455,'No. 20',4.3),(735,456,'No. 23',4.3),(736,839,'Nobbis',4.3),(737,415,'Noble',4.4),(738,110,'Nounat',4.2),(739,124,'Numanthia',4.2),(740,124,'Numanthia',4.3),(741,124,'Numanthia',4.4),(742,631,'Numerus Clausus',4.4),(743,385,'Nun Vinya dels Taus',4.3),(744,385,'Nun Vinya dels Taus',4.4),(745,599,'Nunci Negre',4.3),(746,907,'Nus del Terrer',4.3),(747,672,'O Luar do Sil Valdeorras Godello Sobre Lias',4.4),(748,166,'Octogenarius',4.3),(749,761,'Old & Plus Amontillado',4.4),(750,762,'Old & Plus Oloroso',4.3),(751,763,'Old & Plus Pedro Ximenez',4.4),(752,408,'Oloroso',4.4),(753,498,'Oloroso 30 Years Old V.O.R.S',4.4),(754,769,'Oloroso En Rama',4.3),(755,366,'Oloroso Extra Viejo 1/7',4.3),(756,194,'Oloroso Tradicion Vors 30 Years',4.3),(757,243,'Onomastica Rioja Reserva',4.4),(758,33,'Orbus',4.3),(759,822,'Oscar Tobia Gran Reserva Rioja',4.4),(760,823,'Oscar Tobia Reserva Rioja',4.2),(761,3,'PS (Pagos Seleccionados) Ribera del Duero',4.5),(762,3,'PS (Pagos Seleccionados) Ribera del Duero',4.6),(763,351,'PSI',4.2),(764,351,'PSI',4.3),(765,245,'Pago De Valtarrena',4.6),(766,533,'Pago El Espino',4.2),(767,533,'Pago El Espino',4.4),(768,8,'Pago Garduna',4.3),(769,8,'Pago Garduna',4.5),(770,9,'Pago Negralada',4.3),(771,9,'Pago Negralada',4.4),(772,10,'Pago Valdebellon',4.3),(773,10,'Pago Valdebellon',4.4),(774,851,'Pago de Las Costanas',4.4),(775,127,'Pago de Otazu Chardonnay Con Crianza',4.3),(776,884,'Pago de Santa Cruz',4.4),(777,884,'Pago de Santa Cruz',4.5),(778,884,'Pago de Santa Cruz',4.6),(779,885,'Pago de Santa Cruz Gran Reserva Ribera del Duero',4.4),(780,885,'Pago de Santa Cruz Gran Reserva Ribera del Duero',4.5),(781,928,'Pago de las Sabinas',4.3),(782,869,'Pago de los Balagueses Syrah',4.2),(783,72,'Pagos Viejos',4.3),(784,72,'Pagos Viejos',4.4),(785,681,'Palmeri Navalta Garnacha',4.2),(786,367,'Palo Cortado',4.3),(787,269,'Palo Cortado 1/10',4.4),(788,195,'Palo Cortado Tradicion Vors 30 Years Sherry',4.4),(789,148,'Palo Cortado de la Cruz de 1767',4.3),(790,846,'Palomero',4.5),(791,438,'Pancrudo',4.3),(792,792,'Pantocrator',4.3),(793,673,'Parcela El Nogal Tinto',4.5),(794,674,'Parcela El Picon Tinto',4.5),(795,674,'Parcela El Picon Tinto',4.6),(796,674,'Parcela El Picon Tinto',4.7),(797,912,'Parcelas de Maturana Tinta Coleccion Rioja',4.3),(798,810,'Pedra de Guix',4.3),(799,547,'Pedro Ximenez Murillo Seleccion del Centenario',4.3),(800,196,'Pedro Ximenez Tradicion 20 Years Old Vos',4.5),(801,464,'Pena Lobera',4.3),(802,464,'Pena Lobera',4.6),(803,421,'Penalba Lopez Blanco',4.3),(804,344,'Pendon De La Aguilera',4.5),(805,878,'Perez Pascuas Gran Reserva Seleccion',4.3),(806,878,'Perez Pascuas Gran Reserva Seleccion',4.4),(807,788,'Perfume de Sonsierra',4.3),(808,594,'Perinet + Plus',4.4),(809,399,'Perpetual',4.3),(810,399,'Perpetual',4.4),(811,886,'Pesus Ribera del Duero',4.4),(812,886,'Pesus Ribera del Duero',4.5),(813,886,'Pesus Ribera del Duero',4.7),(814,886,'Pesus Ribera del Duero',4.8),(815,170,'Petit Verdot',4.4),(816,11,'Petit Verdot',4.5),(817,424,'Petra de Valpiedra Garnacha',4.4),(818,844,'Pico de Luyas',4.3),(819,844,'Pico de Luyas',4.5),(820,250,'Pie Franco',4.3),(821,250,'Pie Franco',4.4),(822,352,'Pingus',4.6),(823,352,'Pingus',4.7),(824,352,'Pingus',4.8),(825,550,'Pinot Noir',4.3),(826,118,'Pirata',4.4),(827,775,'Pla dels Angels Rosado',4.3),(828,487,'Planella',4.4),(829,230,'Planots Priorat',4.5),(830,230,'Planots Priorat',4.6),(831,337,'Platon Tinto',4.5),(832,226,'Pleret',4.3),(833,827,'Porcellanic VI Xarel-lo Sur Lie',4.3),(834,861,'Porrera Vi de Vila',4.3),(835,861,'Porrera Vi de Vila',4.4),(836,643,'Pozo Alto',4.4),(837,626,'Prado Enea Gran Reserva',4.3),(838,626,'Prado Enea Gran Reserva',4.4),(839,626,'Prado Enea Gran Reserva',4.5),(840,779,'Preludio',4.2),(841,210,'Premium',4.4),(842,842,'Prieto Picudo',4.3),(843,579,'Primordium',4.4),(844,295,'Priorat',4.3),(845,295,'Priorat',4.4),(846,295,'Priorat',4.5),(847,288,'Priorat',4.6),(848,288,'Priorat',4.7),(849,412,'Priorat Vinyes Velles',4.3),(850,412,'Priorat Vinyes Velles',4.4),(851,680,'Propiedad  Rioja',4.2),(852,636,'Punta Esencia',4.3),(853,400,'Purgatori Costers del Segre',4.2),(854,400,'Purgatori Costers del Segre',4.3),(855,718,'QS',4.2),(856,718,'QS',4.3),(857,119,'Que Bonito Cacareaba Blanco',4.5),(858,645,'Queiron Mi Lugar',4.3),(859,646,'Queiron Reserva Vinedos Familiares',4.4),(860,633,'Quincha Corral',4.4),(861,54,'Quinon de Valmira',4.5),(862,54,'Quinon de Valmira',4.7),(863,73,'Quintanilla',4.3),(864,734,'Rara Avis Prieto Picudo',4.3),(865,454,'Recondita Armonia Monastrell Dulce',4.3),(866,454,'Recondita Armonia Monastrell Dulce',4.7),(867,177,'Red',4.2),(868,177,'Red',4.3),(869,177,'Red',4.4),(870,887,'Regina Vides Ribera del Duero',4.3),(871,887,'Regina Vides Ribera del Duero',4.4),(872,887,'Regina Vides Ribera del Duero',4.5),(873,887,'Regina Vides Ribera del Duero',4.7),(874,843,'Rejon Tempranillo',4.2),(875,843,'Rejon Tempranillo',4.4),(876,101,'Reliquia Palo Cortado Sherry',4.7),(877,755,'Resalte Expresion',4.3),(878,818,'Reserva',4.2),(879,818,'Reserva',4.3),(880,461,'Reserva',4.4),(881,666,'Reserva',4.5),(882,461,'Reserva',4.6),(883,711,'Reserva 5 Ano',4.2),(884,668,'Reserva Especial',4.3),(885,382,'Reserva Especial',4.5),(886,462,'Reserva Especial',4.6),(887,161,'Reserva Especial Icon Edition',4.2),(888,79,'Reserva Especial Ribera del Duero',4.5),(889,79,'Reserva Especial Ribera del Duero',4.6),(890,234,'Reserva Especial Rioja',4.3),(891,740,'Reserva Particular de Recaredo Brut Nature',4.6),(892,740,'Reserva Particular de Recaredo Brut Nature',4.7),(893,576,'Reserva Privada Rioja',4.3),(894,576,'Reserva Privada Rioja',4.4),(895,401,'Reserva Real',4.3),(896,80,'Reserva Ribera del Duero',4.3),(897,80,'Reserva Ribera del Duero',4.4),(898,80,'Reserva Ribera del Duero',4.5),(899,565,'Reserva Rioja (Finca Ygay)',4.2),(900,565,'Reserva Rioja (Finca Ygay)',4.6),(901,543,'Reserva Seleccion de la Familia',4.3),(902,335,'Reserva Tempranillo',4.2),(903,675,'Reserva Tinto',4.3),(904,675,'Reserva Tinto',4.4),(905,93,'Reserva Trajanvs',4.4),(906,902,'Reserva Vermouth Rojo',4.3),(907,569,'Reserva XR',4.2),(908,569,'Reserva XR',4.3),(909,137,'Respeto',4.6),(910,612,'Respublica Verdejo',4.6),(911,551,'Rias Baixas Albarino Atlantico',4.2),(912,552,'Rias Baixas Albarino Finca Valinas',4.2),(913,129,'Ribas de Cabrera',4.5),(914,429,'Ribera Del Duero',4.3),(915,429,'Ribera Del Duero',4.5),(916,200,'Ribera Del Duero Gran Reserva',4.3),(917,201,'Ribera Del Duero Gran Reserva 12 Anos',4.8),(918,202,'Ribera Del Duero Reserva',4.2),(919,203,'Ribera Del Duero Reserva Premium 6 Anos',4.5),(920,376,'Ribera del Duero',4.2),(921,434,'Ribera del Duero',4.3),(922,24,'Ribera del Duero',4.4),(923,24,'Ribera del Duero',4.5),(924,24,'Ribera del Duero',4.6),(925,81,'Ribera del Duero Crianza',4.2),(926,81,'Ribera del Duero Crianza',4.3),(927,603,'Ribera del Duero Prestigio',4.4),(928,603,'Ribera del Duero Prestigio',4.5),(929,603,'Ribera del Duero Prestigio',4.6),(930,604,'Ribera del Duero Prestigio Pago de las Solanas',4.5),(931,604,'Ribera del Duero Prestigio Pago de las Solanas',4.6),(932,621,'Ribera del Duero Red',4.2),(933,605,'Ribera del Duero Reserva',4.3),(934,605,'Ribera del Duero Reserva',4.4),(935,247,'Ribera del Duero TSM',4.3),(936,247,'Ribera del Duero TSM',4.4),(937,247,'Ribera del Duero TSM',4.5),(938,637,'Ribera del Duero Tinto',4.3),(939,915,'Ribera del Duero Torralvo',4.3),(940,915,'Ribera del Duero Torralvo',4.4),(941,204,'Ribera del Duero Una Cepa I',4.3),(942,204,'Ribera del Duero Una Cepa I',4.4),(943,204,'Ribera del Duero Una Cepa I',4.5),(944,699,'Ribera del Duero Vendimia Seleccionada',4.3),(945,865,'Ribera del Duero Vendimia Seleccionada VT',4.3),(946,714,'Rioja',4.3),(947,570,'Rioja 150 Aniversario',4.2),(948,715,'Rioja Anadas Frias',4.3),(949,96,'Rioja B70',4.4),(950,847,'Rioja Blanco',4.2),(951,748,'Rioja Blanco',4.3),(952,744,'Rioja Blanco',4.4),(953,749,'Rioja Blanco Reserva',4.5),(954,716,'Rioja Cisma',4.4),(955,309,'Rioja Graciano',4.2),(956,309,'Rioja Graciano',4.3),(957,571,'Rioja Gran Reserva',4.2),(958,474,'Rioja Gran Reserva',4.3),(959,571,'Rioja Gran Reserva',4.4),(960,108,'Rioja Gran Reserva',4.5),(961,883,'Rioja Gran Reserva',4.6),(962,503,'Rioja Gran Reserva 904',4.3),(963,503,'Rioja Gran Reserva 904',4.4),(964,503,'Rioja Gran Reserva 904',4.5),(965,717,'Rioja Norte',4.3),(966,572,'Rioja Reserva',4.2),(967,750,'Rioja Reserva',4.3),(968,750,'Rioja Reserva',4.4),(969,750,'Rioja Reserva',4.5),(970,849,'Rioja Reserva 10 Anos Despues Edicion Limitada',4.4),(971,587,'Rioja Reserva Especial',4.4),(972,751,'Rioja Reserva Fincas de Ganuza',4.2),(973,557,'Rioja Satinela Blanco Semidulce',4.2),(974,752,'Rioja Vina Coqueta',4.3),(975,296,'Roc Nu',4.2),(976,186,'Roda I Reserva Rioja',4.3),(977,186,'Roda I Reserva Rioja',4.4),(978,187,'Roda Reserva Rioja',4.2),(979,187,'Roda Reserva Rioja',4.3),(980,766,'Ronda',4.3),(981,669,'Rosado de Larrainzar',4.6),(982,908,'S\'Alou',4.3),(983,765,'Saca Unica',4.5),(984,258,'Saktih',4.5),(985,258,'Saktih',4.6),(986,787,'Salinas 1237',4.5),(987,402,'Salmos',4.2),(988,778,'Salvaxe',4.3),(989,767,'San Cucufate Monasterio',4.3),(990,403,'San Valentin Parellada',4.3),(991,781,'San Vicente Rioja',4.3),(992,781,'San Vicente Rioja',4.4),(993,781,'San Vicente Rioja',4.5),(994,369,'Santa Ana Pedro Ximenez 1861',4.5),(995,386,'Santa Rosa',4.2),(996,589,'Sao Expressiu',4.4),(997,491,'Sauvignon Blanc',4.3),(998,449,'Savinat Sauvignon Blanc',4.4),(999,198,'Seda de Oro Reserva',4.5),(1000,413,'Seleccio Especial Vinyes Velles',4.3),(1001,413,'Seleccio Especial Vinyes Velles',4.4),(1002,413,'Seleccio Especial Vinyes Velles',4.5),(1003,926,'Seleccion',4.3),(1004,532,'Seleccion',4.4),(1005,12,'Seleccion Especial',4.2),(1006,12,'Seleccion Especial',4.3),(1007,12,'Seleccion Especial',4.4),(1008,297,'Seleccion Especial',4.5),(1009,627,'Seleccion Especial (Reserva)',4.2),(1010,627,'Seleccion Especial (Reserva)',4.3),(1011,627,'Seleccion Especial (Reserva)',4.4),(1012,617,'Seleccion Especial Verdejo',4.3),(1013,712,'Seleccion Finca el Grajo Viejo',4.3),(1014,712,'Seleccion Finca el Grajo Viejo',4.4),(1015,345,'Seleccion La Aguilera',4.3),(1016,577,'Seleccion Privada',4.3),(1017,577,'Seleccion Privada',4.4),(1018,482,'Seleccion Rioja',4.4),(1019,482,'Seleccion Rioja',4.5),(1020,685,'Seleccion de Anada Albarino Rias Baixas',4.2),(1021,685,'Seleccion de Anada Albarino Rias Baixas',4.3),(1022,685,'Seleccion de Anada Albarino Rias Baixas',4.4),(1023,218,'Selection 1884 Vermouth Gran Reserva',4.3),(1024,640,'Selma de Nin Blanco',4.3),(1025,929,'Senda de Los Olivos Roble',4.3),(1026,268,'Senorio de Cuzcurrita Rioja',4.3),(1027,478,'Sensal',4.3),(1028,630,'Sericis Cepas Viejas Monastrell',4.2),(1029,741,'Serral del Vell Brut Nature',4.3),(1030,741,'Serral del Vell Brut Nature',4.4),(1032,238,'Sibila',4.3),(1033,692,'Silencio de Miros Ribera Del Duero',4.3),(1034,150,'Silvanus Edicion Limitada Ribera del Duero',4.4),(1035,300,'Singular Negre',4.4),(1036,479,'Singular V Malcorta Verdejo',4.4),(1037,130,'Sio Negre',4.3),(1038,735,'Sketch',4.3),(1039,321,'Sofia',4.3),(1040,285,'Solanes Priorat',4.4),(1041,158,'Solar de Estraunza Reserva',4.3),(1042,57,'Solera 1830 Pedro Ximenez',4.5),(1043,653,'Solera BC-200',4.6),(1044,654,'Solera India Oloroso Rare Sherry',4.6),(1045,655,'Solera PAP Palo Cortado Rare Sherry',4.4),(1046,326,'Solideo',4.2),(1047,63,'Son Negre',4.4),(1048,63,'Son Negre',4.5),(1049,63,'Son Negre',4.6),(1050,728,'Sorte O Soro Val do Bibei',4.7),(1051,776,'St Antoni de Scala Dei Priorat',4.5),(1052,255,'Stairway To Heaven Rosado',4.4),(1053,29,'Suane Blanco',4.3),(1054,705,'Summa Edicion Limitada',4.4),(1055,99,'Summum Monastrell',4.2),(1056,99,'Summum Monastrell',4.3),(1057,136,'Suprema 30 Meses',4.3),(1058,136,'Suprema 30 Meses',4.4),(1059,661,'Suzzane Rioja',4.3),(1060,383,'Syrah (Shiraz)',4.3),(1061,223,'Syrah de Matasnos',4.3),(1062,795,'T3rno Seleccion de 3 Parcelas Ribera del Duero',4.3),(1063,471,'Taberner No. 1',4.5),(1064,471,'Taberner No. 1',4.6),(1065,472,'Taberner Tierra de Cadiz',4.2),(1066,799,'Tabuerniga',4.3),(1067,535,'Tadeo Tinto',4.4),(1068,111,'Tahulla Moscatel Blanco Seco',4.3),(1069,905,'Teixar',4.3),(1070,905,'Teixar',4.4),(1071,145,'Tempranillo Reserva',4.3),(1072,145,'Tempranillo Reserva',4.4),(1073,184,'Teofilo Reyes Crianza',4.3),(1074,125,'Termanthia',4.4),(1075,125,'Termanthia',4.5),(1076,125,'Termanthia',4.6),(1077,125,'Termanthia',4.7),(1078,804,'Terras Gauda O Rosal',4.2),(1079,178,'Terreus Paraje de Cueva Baja',4.6),(1080,178,'Terreus Paraje de Cueva Baja',4.7),(1081,494,'Territori',4.3),(1082,807,'Territorio Luthier Reserva',4.5),(1083,235,'The Artist',4.4),(1084,205,'Tierra Alta En 2 Maderas',4.2),(1085,206,'Tierra Alta de 2 Cotas Reserva',4.3),(1086,207,'Tierra Alta de 2 Racimos Gran Reserva',4.6),(1087,346,'Tierras de Cair Reserva',4.3),(1088,346,'Tierras de Cair Reserva',4.4),(1089,417,'Tintilla de Rota',4.6),(1090,417,'Tintilla de Rota',4.7),(1091,853,'Tinto',4.2),(1092,667,'Tinto',4.3),(1093,4,'Tinto',4.4),(1094,667,'Tinto',4.5),(1095,347,'Tinto',4.6),(1096,812,'Tinto',4.7),(1097,812,'Tinto',4.8),(1098,812,'Tinto',4.9),(1099,840,'Tm',4.5),(1100,854,'Tomas Esteban',4.3),(1101,854,'Tomas Esteban',4.5),(1102,857,'Toneles Moscatel',4.8),(1103,700,'Toro',4.2),(1104,700,'Toro',4.3),(1105,700,'Toro',4.4),(1106,700,'Toro',4.5),(1107,120,'Toro 2V Premium',4.4),(1108,121,'Toro Gran Elias Mora',4.3),(1109,422,'Torre Albeniz Reserva Ribera del Duero',4.3),(1110,628,'Torre Muga',4.3),(1111,628,'Torre Muga',4.4),(1112,628,'Torre Muga',4.5),(1113,423,'Torremilanos Coleccion Ribera del Duero',4.4),(1114,423,'Torremilanos Coleccion Ribera del Duero',4.6),(1115,624,'Touran',4.7),(1116,686,'Tras Los Muros Albarino',4.3),(1117,927,'Tras da Vina Albarino',4.3),(1118,753,'Trasnocho',4.4),(1119,753,'Trasnocho',4.5),(1120,753,'Trasnocho',4.6),(1121,732,'Treixadura',4.2),(1122,227,'Triaca',4.3),(1123,918,'Triga',4.3),(1124,918,'Triga',4.4),(1125,742,'Turo d\'en Mota',4.5),(1126,742,'Turo d\'en Mota',4.7),(1127,736,'Ultreia Valtuille Mencia',4.3),(1128,866,'Unico',4.5),(1129,866,'Unico',4.6),(1130,866,'Unico',4.7),(1131,866,'Unico',4.8),(1132,867,'Unico Reserva Especial Edicion',4.6),(1133,867,'Unico Reserva Especial Edicion',4.7),(1134,867,'Unico Reserva Especial Edicion',4.8),(1135,384,'Uno Tinto',4.6),(1136,802,'Uro',4.3),(1137,801,'Usted',4.4),(1138,801,'Usted',4.7),(1139,480,'V Dulce de Invierno',4.3),(1140,862,'V2 Tinto',4.3),(1141,862,'V2 Tinto',4.4),(1142,862,'V2 Tinto',4.5),(1143,179,'VS',4.4),(1144,179,'VS',4.5),(1145,179,'VS',4.6),(1146,868,'Valbuena 5o',4.4),(1147,868,'Valbuena 5o',4.5),(1148,868,'Valbuena 5o',4.6),(1149,868,'Valbuena 5o',4.7),(1150,838,'Valcavado de Traslascuestas',4.4),(1151,334,'Valdafoz Bierzo (Corullon)',4.6),(1152,343,'Valdegatiles Ribera del Duero',4.6),(1153,74,'Valdegines',4.2),(1154,74,'Valdegines',4.3),(1155,74,'Valdegines',4.4),(1156,74,'Valdegines',4.5),(1157,678,'Vallegarcia Viognier',4.3),(1158,215,'Varietal Fermentacion Lenta',4.3),(1159,649,'Vatan Arena Tinta de Toro',4.8),(1160,650,'Vatan Tinta de Toro',4.3),(1161,650,'Vatan Tinta de Toro',4.4),(1162,642,'Vd\'O 1 Samso - Pissarra',4.3),(1163,629,'Veguin de Murua Gran Reserva',4.4),(1164,689,'Vendetta',4.5),(1165,841,'Vendimia',4.3),(1166,841,'Vendimia',4.4),(1167,365,'Vendimia Seleccionada',4.3),(1168,377,'Vendimia Seleccionada',4.4),(1169,182,'Vendimia Tardia Moscatel',4.3),(1170,872,'Venus',4.3),(1171,873,'Venus de la Figuera',4.5),(1172,40,'Veraton Garnacha',4.2),(1173,163,'Verdejo',4.4),(1174,492,'Verdejo Fermentado en Barrica',4.3),(1175,791,'Vermello Vermu',4.3),(1176,323,'Vermouth Reserva',4.3),(1177,548,'Vermut Rojo',4.2),(1178,450,'Vi De Glass Gewurztraminer',4.3),(1179,55,'Vi de Vila Gratallops',4.2),(1180,55,'Vi de Vila Gratallops',4.3),(1181,55,'Vi de Vila Gratallops',4.4),(1182,813,'Victorino',4.3),(1183,813,'Victorino',4.4),(1184,504,'Vina Alberdi Crianza',4.2),(1185,505,'Vina Alberdi Reserva',4.2),(1186,506,'Vina Arana Gran Reserva',4.3),(1187,506,'Vina Arana Gran Reserva',4.4),(1188,507,'Vina Ardanza Reserva',4.2),(1189,507,'Vina Ardanza Reserva',4.3),(1190,507,'Vina Ardanza Reserva',4.4),(1191,508,'Vina Ardanza Reserva Seleccion Especial',4.4),(1192,721,'Vina Bosconia Reserva',4.2),(1193,61,'Vina Centenaria Mencia',4.3),(1194,75,'Vina El Pison',4.4),(1195,75,'Vina El Pison',4.5),(1196,75,'Vina El Pison',4.6),(1197,75,'Vina El Pison',4.7),(1198,75,'Vina El Pison',4.9),(1199,242,'Vina Garugele',4.4),(1200,519,'Vina Lanciano Reserva',4.2),(1201,439,'Vina Motulleri',4.6),(1202,722,'Vina Tondonia Gran Reserva',4.3),(1203,722,'Vina Tondonia Gran Reserva',4.5),(1204,723,'Vina Tondonia Gran Reserva Blanco',4.5),(1205,724,'Vina Tondonia Reserva',4.3),(1206,725,'Vina Tondonia Reserva Blanco',4.2),(1207,541,'Vina de Martin Escolma Ribeiro',4.4),(1208,311,'Vina del Olivo',4.3),(1209,311,'Vina del Olivo',4.4),(1210,311,'Vina del Olivo',4.5),(1211,311,'Vina del Olivo',4.6),(1212,416,'Vinas Viejas',4.3),(1213,416,'Vinas Viejas',4.4),(1214,930,'Vinas Viejas Aguilera',4.3),(1215,522,'Vinas Viejas Tempranillo',4.3),(1216,657,'Vinas Viejas Verdejo',4.2),(1217,657,'Vinas Viejas Verdejo',4.3),(1218,657,'Vinas Viejas Verdejo',4.4),(1219,348,'Vinas Viejas de Soria Ribera Del Duero',4.3),(1220,348,'Vinas Viejas de Soria Ribera Del Duero',4.5),(1221,607,'Vino de Autor Ribeiro Blanco',4.3),(1222,882,'Vinos Singulares Tempranillo Blanco Reserva',4.4),(1223,662,'Vintage Albarino',4.3),(1224,481,'Vinya La Scala Gran Reserva Cabernet Sauvignon',4.3),(1225,153,'Vinyes Altes Porrera',4.4),(1226,153,'Vinyes Altes Porrera',4.5),(1227,695,'1194',4.4),(1228,906,'Vinyes Velles de Samso',4.3),(1229,409,'Vitium Reserva',4.3),(1230,615,'Vitola Reserva',4.3),(1231,319,'Vobiscum',4.4),(1232,307,'Voltons',4.3),(1233,307,'Voltons',4.4),(1235,100,'Zona Zepa Monastrell',4.4);
/*!40000 ALTER TABLE `Rating` ENABLE KEYS */;
UNLOCK TABLES;

--
-- Table structure for table `Wine`
--

DROP TABLE IF EXISTS `Wine`;
/*!40101 SET @saved_cs_client     = @@character_set_client */;
/*!40101 SET character_set_client = utf8 */;
CREATE TABLE `Wine` (
  `wineID` int NOT NULL AUTO_INCREMENT,
  `wineryID` int DEFAULT NULL,
  `wine` varchar(50) DEFAULT NULL,
  `year` varchar(50) DEFAULT NULL,
  `type` varchar(50) DEFAULT NULL,
  `body` varchar(50) DEFAULT NULL,
  `acidity` float DEFAULT NULL,
  `price` float DEFAULT NULL,
  `num_reviews` int DEFAULT NULL,
  PRIMARY KEY (`wineID`),
  KEY `wineryID` (`wineryID`),
  CONSTRAINT `wine_ibfk_1` FOREIGN KEY (`wineryID`) REFERENCES `Winery` (`wineryID`)
) ENGINE=InnoDB AUTO_INCREMENT=932 DEFAULT CHARSET=utf8mb4 COLLATE=utf8mb4_0900_ai_ci;
/*!40101 SET character_set_client = @saved_cs_client */;

--
-- Dumping data for table `Wine`
--

LOCK TABLES `Wine` WRITE;
/*!40000 ALTER TABLE `Wine` DISABLE KEYS */;
INSERT INTO `Wine` VALUES (1,1,'Fuenmayor Gran Reserva','1959','Rioja Red','4.0',3,230,29),(2,2,'Blanco de Parcela','2019','Verdejo','Unknown',0,41.9,80),(3,2,'PS (Pagos Seleccionados) Ribera del Duero','2017','Ribera Del Duero Red','5.0',3,116.188,3383),(4,2,'Tinto','2018','Ribera Del Duero Red','5.0',3,33.25,1864),(5,3,'3.9','2017','Red','4.0',3,20.65,345),(6,4,'Cuvee Palomar','2017','Red','4.0',3,58.9,30),(7,4,'Le Domaine Blanco de Guarda','2019','Unknown','Unknown',0,32.58,334),(8,4,'Pago Garduna','2016','Syrah','4.0',3,71.85,186),(9,4,'Pago Negralada','2014','Tempranillo','4.0',2,91.57,726),(10,4,'Pago Valdebellon','2016','Cabernet Sauvignon','4.0',3,65.9,60),(11,4,'Petit Verdot','2015','Red','4.0',3,107.9,286),(12,4,'Seleccion Especial','2017','Red','Unknown',0,25.5,3093),(13,5,'5V Blanco','2019','Rioja White','3.0',3,37.98,68),(14,5,'Grano a Grano Graciano - Garnacha','2016','Grenache','5.0',3,55.14,29),(15,5,'Grano a Grano Tempranillo','2016','Rioja Red','4.0',3,120.13,65),(16,5,'Malvasia','2017','Rioja White','3.0',3,31.5,72),(17,6,'Etern Vinyes Molt Velles','2016','Priorat Red','4.0',3,42.5,26),(18,7,'Tinto','2009','Ribera Del Duero Red','5.0',3,39,229),(19,8,'Envidiacochina (Tete de Cuvee)','2019','Albarino','3.0',3,18.46,438),(20,9,'Cava Kripta Gran Reserva Brut Nature','2013','Cava','2.0',3,53.7,49),(21,10,'Alma de Mar Albarino','2019','Albarino','3.0',3,27.5,49),(22,11,'Marti Reserva Penedes','2015','Red','4.0',3,35.15,49),(23,12,'Anadelia','2015','Unknown','Unknown',0,38.5,31),(24,13,'Ribera del Duero','2016','Ribera Del Duero Red','5.0',3,79.8,4516),(25,14,'Aurus','2005','Rioja Red','4.0',3,136,95),(26,14,'Calvario Rioja','2009','Rioja Red','4.0',3,125.97,194),(27,14,'Gaminde','2016','Rioja Red','4.0',3,43.8,62),(28,14,'Martires Rioja','2015','Rioja White','3.0',3,91.5,50),(29,15,'Suane Blanco','2017','Rioja White','3.0',3,23.9,32),(30,16,'Maria Ribera del Duero','2016','Ribera Del Duero Red','5.0',3,53.9,78),(31,17,'Blanc de Neu','2016','Sparkling','2.0',3,16.99,45),(32,17,'Dolc Mataro','2018','Unknown','Unknown',0,17.95,72),(33,17,'Orbus','2016','Syrah','4.0',3,24.95,100),(34,18,'Club Rioja Reserva','2012','Rioja Red','4.0',3,20.95,36),(35,18,'Coleccion Roberto Amillo Amontillado','N.V.','Sherry','4.0',3,39.9,29),(36,18,'Coleccion Roberto Amillo Palo Cortado','N.V.','Sherry','4.0',3,47.7,27),(37,18,'Lealtanza Coleccion de Artistas Espanoles Sorolla','2010','Rioja Red','4.0',3,34.9,316),(38,19,'Aquilon Garnacha','2011','Grenache','5.0',3,108.9,123),(39,19,'Garnacha','2017','Grenache','5.0',3,44.27,1503),(40,19,'Veraton Garnacha','2014','Grenache','5.0',3,19.94,1627),(41,20,'Altos R Pigeage','2016','Rioja Red','4.0',3,29.95,63),(42,20,'Altos R Pigeage Graciano','2016','Rioja Red','4.0',3,35,25),(43,20,'Altos R Pigeage Nacido en Barrica Blanco','2019','Rioja White','Unknown',0,29.9169,27),(44,21,'Finca La Herradura','2014','Ribera Del Duero Red','5.0',3,68,49),(45,22,'Cuvee Julia Ribera del Duero','2011','Ribera Del Duero Red','5.0',3,157,35),(46,23,'1730 Amontillado','N.V.','Sherry','4.0',3,34.65,29),(47,23,'1730 Pedro Ximenez','N.V.','Sherry','4.0',3,39.35,234),(48,24,'Finca Dofi','2006','Priorat Red','4.0',3,75,207),(49,24,'L\'Ermita Velles Vinyes Priorat','2004','Priorat Red','4.0',3,1410.26,87),(50,24,'La Baixada','2018','Priorat Red','4.0',3,239.5,31),(51,24,'Les Aubaguetes Priorat','2016','Priorat Red','4.0',3,355.95,59),(52,24,'Les Terrasses Laderas de Pizarra','2016','Priorat Red','4.0',3,32.25,970),(53,24,'Les Terrasses Velles Vinyes Priorat','2017','Priorat Red','4.0',3,85.9,1016),(54,24,'Quinon de Valmira','2015','Rioja Red','4.0',3,527.26,102),(55,24,'Vi de Vila Gratallops','2019','Priorat Red','4.0',3,54.5,105),(56,25,'Abuelo Diego Palo Cortado','N.V.','Pedro Ximenez','5.0',1,114.28,42),(57,25,'Solera 1830 Pedro Ximenez','N.V.','Pedro Ximenez','5.0',1,114.5,171),(58,26,'Diables','2018','Unknown','Unknown',0,38.75,31),(59,27,'Carinena Parcela 15 Vinas Viejas','2017','Red','4.0',3,54.9,28),(60,27,'Garnacha Parcela 81 Vinas Viejas','2017','Red','4.0',3,54.9,28),(61,28,'Vina Centenaria Mencia','2014','Mencia','3.0',3,38,52),(62,29,'An','2018','Red','Unknown',0,38.3,436),(63,29,'Son Negre','2007','Red','4.0',3,282.65,51),(64,30,'La Hormiga de Antidoto','2019','Ribera Del Duero Red','5.0',3,26.63,336),(65,30,'Le Rose','2018','Unknown','Unknown',0,49,28),(66,31,'Eolic Sauvignon Blanc','2016','Sauvignon Blanc','3.0',3,11.65,38),(67,32,'Gran Vino Blanco','2014','Chardonnay','4.0',3,112.76,131),(68,33,'El Carretil','2017','Tempranillo','4.0',2,176.89,32),(69,33,'Grandes Anadas Rioja','2001','Rioja Red','4.0',3,391.65,103),(70,33,'La Morera de San Lazaro','2016','Tempranillo','4.0',2,80,36),(71,33,'La Poza de Ballesteros','2009','Tempranillo','4.0',2,187.5,42),(72,33,'Pagos Viejos','2006','Tempranillo','Unknown',0,90.5,442),(73,33,'Quintanilla','2016','Tempranillo','4.0',2,65.9,35),(74,33,'Valdegines','2019','Tempranillo','4.0',2,40,30),(75,33,'Vina El Pison','2018','Tempranillo','4.0',2,313.5,31),(76,34,'Amaya Arzuaga (Coleccion)','2016','Ribera Del Duero Red','5.0',3,64.9,123),(77,34,'Gran Arzuaga Ribera del Duero','2004','Ribera Del Duero Red','5.0',3,157.4,105),(78,34,'Gran Reserva Ribera del Duero','2015','Ribera Del Duero Red','5.0',3,80.98,205),(79,34,'Reserva Especial Ribera del Duero','2016','Ribera Del Duero Red','5.0',3,54.5,83),(80,34,'Reserva Ribera del Duero','2017','Ribera Del Duero Red','5.0',3,31.8,477),(81,34,'Ribera del Duero Crianza','2018','Ribera Del Duero Red','Unknown',0,19.01,3524),(82,35,'Finca El Otero','2016','Ribera Del Duero Red','5.0',3,26.9,411),(83,36,'Christina Ribera del Duero','2016','Ribera Del Duero Red','5.0',3,50.76,142),(84,37,'Alaya Tierra (Old Vines Vieilles Vignes)','2017','Grenache','5.0',3,19.6,1948),(85,37,'La Atalaya del Camino','2017','Red','4.0',3,11.8,2022),(86,38,'8 Vents Mallorca','2019','Red','4.0',3,18.9,47),(87,38,'Epistem No. 3','2016','Red','4.0',3,18.9,38),(88,39,'Blanco','2019','Unknown','Unknown',0,17.7,48),(89,40,'Attis Embaixador Albarino','2018','Albarino','3.0',3,21.89,43),(90,41,'Interpretacion','2016','Ribera Del Duero Red','5.0',3,45.15,618),(91,42,'Godello','2019','Unknown','Unknown',0,23.4,375),(92,43,'Antigues Reserves','2000','Red','4.0',3,27.45,72),(93,43,'Reserva Trajanvs','2016','Red','4.0',3,21.5,64),(94,44,'Felix Azpilicueta Coleccion Privada','2019','Rioja Red','4.0',3,18,41),(95,45,'De Garage Rioja','2005','Rioja Red','4.0',3,40,37),(96,45,'Rioja B70','2014','Rioja Red','4.0',3,104.5,52),(97,46,'Las Botas Palo Cortado Horizontal','N.V.','Sherry','4.0',3,37,67),(98,47,'Muscat','2020','Unknown','Unknown',0,5.5,842),(99,48,'Summum Monastrell','2019','Monastrell','5.0',3,13.99,50),(100,48,'Zona Zepa Monastrell','2015','Monastrell','5.0',3,59.9,26),(101,49,'Reliquia Palo Cortado Sherry','N.V.','Sherry','4.0',3,380,58),(102,50,'La Silleria','2017','Unknown','Unknown',0,24.5,34),(103,51,'Belondrade y Lurton','2018','Verdejo','3.0',3,32.85,1192),(104,52,'Macan','2017','Rioja Red','4.0',3,69.95,28),(105,52,'Macan Clasico','2016','Rioja Red','4.0',3,37.52,1993),(106,53,'Los Dominios de Berceo Prefiloxerico','2015','Rioja Red','4.0',3,29.25,29),(107,54,'III a.C','2011','Rioja Red','4.0',3,46.16,140),(108,54,'Rioja Gran Reserva','1994','Rioja Red','4.0',3,61,54),(109,55,'Finca Biniagual Veran','2017','Red','4.0',3,26.5,322),(110,56,'Nounat','2020','Unknown','Unknown',0,19.9,404),(111,57,'Tahulla Moscatel Blanco Seco','2018','Unknown','Unknown',0,11.95,56),(112,58,'Campo Eliseo','2009','Toro Red','5.0',3,48.5,175),(113,58,'Campo Eliseo Blanco','2018','Verdejo','3.0',3,27.25,45),(114,59,'Coleccion No. 3 Cosecha','2014','Rioja Red','4.0',3,189.9,45),(115,59,'Contador Rioja','2012','Rioja Red','4.0',3,213.9,243),(116,59,'La Cueva del Contador Rioja','2017','Rioja Red','4.0',3,67.9,174),(117,59,'La Vina de Andres Romeo Rioja','2012','Rioja Red','4.0',3,99,151),(118,59,'Pirata','2014','Rioja White','3.0',3,194,44),(119,59,'Que Bonito Cacareaba Blanco','2018','Rioja White','3.0',3,50.34,170),(120,60,'Toro 2V Premium','2005','Toro Red','5.0',3,44,70),(121,60,'Toro Gran Elias Mora','2014','Toro Red','5.0',3,33.5,108),(122,61,'Cerro La Isa Blanco','2018','Rioja White','3.0',3,44.9,31),(123,61,'Cerro La Isa Garnacha','2018','Rioja Red','4.0',3,43.9,28),(124,62,'Numanthia','2004','Toro Red','Unknown',0,98,414),(125,62,'Termanthia','2005','Toro Red','5.0',3,207.11,131),(126,63,'Altar','2008','Red','4.0',3,32.18,109),(127,63,'Pago de Otazu Chardonnay Con Crianza','2018','Chardonnay','4.0',3,28.4,53),(128,64,'Tinto','2014','Ribera Del Duero Red','5.0',3,37.13,207),(129,65,'Ribas de Cabrera','2018','Red','4.0',3,68.406,94),(130,65,'Sio Negre','2019','Red','4.0',3,39.9,53),(131,66,'Coleccion Syrah','2017','Syrah','4.0',3,25.89,133),(132,67,'Malvasia Volcanica','2020','Unknown','Unknown',0,31.9,31),(133,67,'Marmajuelo','2020','Unknown','Unknown',0,29.75,27),(134,68,'ARX Arcos de la Frontera','2018','Red','4.0',3,15.9,215),(135,68,'Arcos de la Frontera','2017','Red','Unknown',0,25.9,284),(136,69,'Suprema 30 Meses','2016','Ribera Del Duero Red','Unknown',0,35.2,406),(137,70,'Respeto','2015','Red','4.0',3,29.35,45),(138,70,'Tinto','2017','Red','4.0',3,29.95,319),(139,71,'Angeles de Amaren Tempranillo - Graciano','2015','Rioja Red','4.0',3,19.38,832),(140,71,'Carraquintana de Amaren','2017','Rioja Red','4.0',3,56.5,29),(141,71,'El Cristo de Samaniego','2017','Rioja Red','4.0',3,42.9,47),(142,71,'El Regollar','2016','Rioja Red','4.0',3,77.9,49),(143,71,'Garnacha','2014','Grenache','5.0',3,38,32),(144,71,'Graciano','2012','Rioja Red','4.0',3,68,26),(145,71,'Tempranillo Reserva','2010','Rioja Red','4.0',3,26.9,542),(146,72,'Fagus de Coto de Hayas Garnacha','2017','Grenache','5.0',3,21.02,398),(147,72,'Galiano Seleccion Especial','2013','Red','4.0',3,99.95,28),(148,73,'Palo Cortado de la Cruz de 1767','N.V.','Sherry','4.0',3,59.9,66),(149,74,'Angel Ribera del Duero','2015','Ribera Del Duero Red','5.0',3,31.9,37),(150,75,'Silvanus Edicion Limitada Ribera del Duero','2015','Ribera Del Duero Red','5.0',3,46,25),(151,76,'Atteca Armas Garnacha Old Vines','2017','Grenache','5.0',3,32.9,176),(152,77,'Cofradia','2014','Rioja Red','4.0',3,38,34),(153,78,'Vinyes Altes Porrera','2007','Priorat Red','Unknown',0,69,26),(154,79,'Malbec','2018','Red','4.0',3,24.9,99),(155,80,'Clio','2015','Red','4.0',3,33.2,2712),(156,80,'El Nido','2018','Red','4.0',3,195.627,217),(157,81,'Atlantico','2019','Unknown','Unknown',0,18.99,146),(158,82,'Solar de Estraunza Reserva','2014','Tempranillo','4.0',2,9.88403,140),(159,83,'Faustino de Autor Reserva Especial','1994','Rioja Red','4.0',3,45,76),(160,83,'I Gran Reserva','1964','Rioja Red','4.0',3,272,454),(161,83,'Reserva Especial Icon Edition','2014','Rioja Red','4.0',3,23.89,519),(162,84,'Aponte Winemaker\'s Private Collection Tempranillo','2008','Tempranillo','4.0',2,112,66),(163,84,'Verdejo','2017','Verdejo','3.0',3,19.97,32),(164,85,'El Jardin de las Iguales Vinedo Historico Garnacha','2016','Grenache','5.0',3,195.99,25),(165,85,'La Loma & Los Santos Garnacha Blanca - Macabeo','2018','Unknown','Unknown',0,40.9,41),(166,86,'Octogenarius','2014','Grenache','5.0',3,46.5,34),(167,87,'Finca Helena','2015','Ribera Del Duero Red','5.0',3,59.9,40),(168,88,'Corimbo I','2014','Ribera Del Duero Red','5.0',3,39,1078),(169,89,'Fino La Barajuela','2016','Unknown','Unknown',0,69.95,44),(170,89,'Petit Verdot','2013','Red','4.0',3,52.5,32),(171,90,'Artigas','2019','Priorat Red','4.0',3,20.4,136),(172,90,'Cirerets','2018','Priorat Red','4.0',3,40.3,233),(173,90,'La Basseta','2013','Priorat Red','4.0',3,58,132),(174,90,'La Creu Alta','2013','Priorat Red','4.0',3,89.17,116),(175,90,'La Solana Alta','2017','Unknown','Unknown',0,63.46,90),(176,91,'Godello Blanco','2019','Unknown','Unknown',0,37.6,134),(177,91,'Red','2018','Red','Unknown',0,31.95,3095),(178,91,'Terreus Paraje de Cueva Baja','2017','Tempranillo','4.0',2,66.07,251),(179,91,'VS','2018','Tempranillo','4.0',2,58.9,136),(180,92,'Castillo de Monte la Reina Cuvee Privee','2015','Toro Red','5.0',3,14.65,75),(181,93,'Acediano','2015','Ribera Del Duero Red','5.0',3,52,104),(182,94,'Vendimia Tardia Moscatel','2019','Unknown','Unknown',0,10.76,91),(183,95,'Cerro Anon Rioja Gran Reserva','2015','Rioja Red','4.0',3,12.9,258),(184,96,'Teofilo Reyes Crianza','2019','Ribera Del Duero Red','5.0',3,14.71,38),(185,97,'Cirsion Rioja','2000','Rioja Red','4.0',3,175,87),(186,97,'Roda I Reserva Rioja','2009','Rioja Red','4.0',3,43.5,2228),(187,97,'Roda Reserva Rioja','2004','Rioja Red','4.0',3,81.35,452),(188,98,'Cartago Paraje de Pozo','2015','Toro Red','5.0',3,78.9,137),(189,98,'Malvasia','2017','Unknown','Unknown',0,41.5,51),(190,98,'Tinto','2017','Toro Red','5.0',3,36,1339),(191,99,'El Belisario','2016','Tempranillo','4.0',2,39.9,47),(192,100,'Amontillado Tradicion Vors 30 Years','N.V.','Sherry','4.0',3,59.9,825),(193,100,'Cream Tradicion Vos 20 Years','N.V.','Sherry','Unknown',0,57.9,527),(194,100,'Oloroso Tradicion Vors 30 Years','N.V.','Sherry','4.0',3,58.9,590),(195,100,'Palo Cortado Tradicion Vors 30 Years Sherry','N.V.','Sherry','4.0',3,82.5,941),(196,100,'Pedro Ximenez Tradicion 20 Years Old Vos','N.V.','Pedro Ximenez','5.0',1,68.9,854),(197,101,'Amontillado V.O.R.S','N.V.','Sherry','4.0',3,50,110),(198,102,'Seda de Oro Reserva','2016','Rioja Red','4.0',3,69,29),(199,103,'Finca Azaya Premium','2015','Ribera Del Duero Red','5.0',3,23.44,128),(200,103,'Ribera Del Duero Gran Reserva','2010','Ribera Del Duero Red','5.0',3,62.8,187),(201,103,'Ribera Del Duero Gran Reserva 12 Anos','1999','Ribera Del Duero Red','5.0',3,999,68),(202,103,'Ribera Del Duero Reserva','2012','Ribera Del Duero Red','5.0',3,30,852),(203,103,'Ribera Del Duero Reserva Premium 6 Anos','2011','Ribera Del Duero Red','5.0',3,48.7,500),(204,103,'Ribera del Duero Una Cepa I','2017','Ribera Del Duero Red','5.0',3,26.5,194),(205,103,'Tierra Alta En 2 Maderas','2017','Ribera Del Duero Red','5.0',3,19.9,557),(206,103,'Tierra Alta de 2 Cotas Reserva','2014','Ribera Del Duero Red','5.0',3,30.5,407),(207,103,'Tierra Alta de 2 Racimos Gran Reserva','2011','Ribera Del Duero Red','5.0',3,82.5,85),(208,104,'Crianza','2019','Ribera Del Duero Red','5.0',3,9.99,64),(209,104,'La Baraja','2016','Ribera Del Duero Red','5.0',3,24.9,716),(210,104,'Premium','2018','Ribera Del Duero Red','5.0',3,35,79),(211,104,'Tinto','2019','Ribera Del Duero Red','5.0',3,43.5,97),(212,105,'Anada Pedro Ximenez','2018','Pedro Ximenez','5.0',1,17.5,99),(213,105,'Delicado Cosecha Pedro Ximenez','2019','Pedro Ximenez','5.0',1,22.35,147),(214,105,'Finest Old Harvest Medium','N.V.','Pedro Ximenez','5.0',1,18.87,1155),(215,105,'Varietal Fermentacion Lenta','2019','Pedro Ximenez','5.0',1,29.9,61),(216,106,'Camino del Abuelo Vinas Viejas','2013','Ribera Del Duero Red','5.0',3,243.8,36),(217,107,'Conde de Aldama Amontillado','N.V.','Sherry','4.0',3,89.9,46),(218,108,'Selection 1884 Vermouth Gran Reserva','N.V.','Unknown','Unknown',0,27.11,57),(219,109,'Reserva','2009','Ribera Del Duero Red','5.0',3,21.65,442),(220,110,'Gueta-Lupia','2011','Priorat Red','4.0',3,31.75,27),(221,111,'Bosque de Matasnos Etiqueta Blanca','2018','Ribera Del Duero Red','5.0',3,26.9,1465),(222,111,'Edicion Limitada','2015','Ribera Del Duero Red','5.0',3,32.5812,328),(223,111,'Syrah de Matasnos','2019','Syrah','Unknown',0,27.9,80),(224,112,'Brega Garnacha','2017','Grenache','5.0',3,27.9,317),(225,113,'Vendimia Seleccionada','2020','Ribera Del Duero Red','5.0',3,7.9,27),(226,114,'Pleret','2012','Priorat Red','4.0',3,55.5,37),(227,115,'Triaca','2013','Priorat Red','4.0',3,34.9,90),(228,116,'5 Partides Gratallops Vi de La Vila','2014','Priorat Red','4.0',3,49.6,58),(229,116,'Gratallops Escanya-Vella','2018','Unknown','Unknown',0,27.1,40),(230,117,'Planots Priorat','2010','Priorat Red','4.0',3,87.02,112),(231,118,'La Casilla Amontillado','N.V.','Sherry','4.0',3,43.95,122),(232,119,'Finca Cuesta Clara Raro Reserva','2011','Rioja Red','4.0',3,32,194),(233,119,'Gran Reserva Rioja','2012','Rioja Red','Unknown',0,22.99,410),(234,119,'Reserva Especial Rioja','2010','Rioja Red','4.0',3,23.95,95),(235,120,'The Artist','2016','Red','4.0',3,26.84,69),(236,121,'Monreal','2015','Red','4.0',3,44.1,48),(237,122,'El Rocallis','2015','Unknown','Unknown',0,88,83),(238,123,'Sibila','2017','Red','4.0',3,32.46,33),(239,124,'Mas de Masos','2006','Priorat Red','Unknown',0,39.99,86),(240,125,'CM Tinto','2017','Tempranillo','4.0',2,17.75,42),(241,125,'Finca Valmediano Tinta de Toro 16 Meses Barrica','2012','Toro Red','5.0',3,32.9,38),(242,125,'Vina Garugele','2015','Rioja Red','4.0',3,75.8,32),(243,126,'Onomastica Rioja Reserva','2014','Rioja Red','4.0',3,21.88,28),(244,127,'Crianza','2019','Ribera Del Duero Red','5.0',3,19.95,533),(245,127,'Pago De Valtarrena','2015','Ribera Del Duero Red','5.0',3,49.95,700),(246,127,'Reserva','2016','Ribera Del Duero Red','Unknown',0,32.9,450),(247,127,'Ribera del Duero TSM','2017','Ribera Del Duero Red','5.0',3,55.35,503),(248,128,'Montsalvat','2007','Priorat Red','4.0',3,39.7126,54),(249,129,'Cuvee N Vinas Viejas','2015','Red','4.0',3,73,160),(250,129,'Pie Franco','2017','Monastrell','5.0',3,77.98,172),(251,130,'Alexander vs. The Ham Factory','2016','Ribera Del Duero Red','5.0',3,33.3733,1573),(252,130,'Minami','2016','Monastrell','5.0',3,48.9,106),(253,131,'Finca Misenhora Edicion Limitada','2018','Unknown','Unknown',0,26.2,44),(254,132,'Casa Cisca Monastrell','2016','Monastrell','5.0',3,35,49),(255,133,'Stairway To Heaven Rosado','2020','Unknown','Unknown',0,13.99,34),(256,134,'Ekam','2019','Unknown','Unknown',0,24.61,257),(257,134,'Ekam Essencia','2015','Unknown','Unknown',0,43.44,32),(258,134,'Saktih','2013','Red','4.0',3,195.27,30),(259,135,'Costers Del Segre 1780','2017','Red','4.0',3,22.9,37),(260,136,'5 Finques (Fincas) Reserva','2017','Red','4.0',3,11.35,918),(261,136,'Emporda Aires de Garbet','2017','Red','4.0',3,39.22,98),(262,136,'Emporda Gran Claustro','2015','Red','4.0',3,30.86,63),(263,136,'Emporda Reserva Especial Don Miguel Mateu','2015','Red','4.0',3,15.56,33),(264,136,'Finca Garbet','2014','Syrah','4.0',3,99,75),(265,136,'Finca Malaveina','2017','Red','4.0',3,22.5,687),(266,136,'Monastrell - Syrah Finca Espolla','2016','Red','4.0',3,13.95,424),(267,137,'Cerrado del Castillo Rioja','2016','Rioja Red','4.0',3,52.95,47),(268,137,'Senorio de Cuzcurrita Rioja','2017','Rioja Red','4.0',3,24.3678,239),(269,138,'Palo Cortado 1/10','N.V.','Sherry','4.0',3,25,134),(270,139,'Cabrida Montsant','2018','Montsant Red','4.0',3,36.85,32),(271,139,'Flor de Primavera Peraj Ha\'abib','2018','Montsant Red','4.0',3,27.5,133),(272,140,'Horcajo','2015','Ribera Del Duero Red','5.0',3,75.3,100),(273,140,'Malabrigo Ribera del Duero','2018','Ribera Del Duero Red','5.0',3,31.5,65),(274,141,'Nivel','2018','Ribera Del Duero Red','5.0',3,35,28),(275,142,'Dominio del Verso Red Blend','2018','Red','Unknown',0,29.5,27),(276,143,'Estrats','2009','Red','4.0',3,59.82,81),(277,143,'Vinyes Altes de Les Garrigues Vi Blanc','2019','Unknown','Unknown',0,25.8,52),(278,144,'Navarra Coleccion 125 Blanco','2018','Chardonnay','4.0',3,49.1,97),(279,144,'Navarra Reserva Coleccion 125','2015','Red','4.0',3,20.5,211),(280,144,'Navarra Vendimia Tardia Coleccion 125','2018','Unknown','Unknown',0,25.95,39),(281,145,'El Cabernet F - Familiar','2017','Red','4.0',3,34.9,80),(282,145,'Las Ocho (8) Tinto','2017','Red','4.0',3,16.7676,570),(283,146,'Dominio del Pidio','2016','Ribera Del Duero Red','Unknown',0,53.91,495),(284,147,'Classic','1996','Priorat Red','4.0',3,217.2,106),(285,147,'Solanes Priorat','2003','Priorat Red','4.0',3,38.66,43),(286,148,'Daphne Glorian Red','2007','Red','4.0',3,202.01,51),(287,148,'Laurel','2017','Priorat Red','4.0',3,46.88,527),(288,148,'Priorat','2007','Priorat Red','4.0',3,654.31,60),(289,149,'Clos Figueres','2017','Priorat Red','4.0',3,53.4,75),(290,150,'Formiga de Vellut','2018','Priorat Red','4.0',3,16.2,558),(291,150,'Galena','2017','Priorat Red','4.0',3,19.8,41),(292,151,'Com Tu','2018','Grenache','Unknown',0,34.95,85),(293,151,'Manyetes','2017','Priorat Red','4.0',3,59.9,61),(294,151,'Nelin Priorat','2016','Unknown','Unknown',0,36.5,290),(295,151,'Priorat','2015','Priorat Red','4.0',3,146.95,955),(296,152,'Roc Nu','2011','Red','Unknown',0,23.95,420),(297,153,'Seleccion Especial','2015','Red','4.0',3,93.51,40),(298,153,'Tinto','2014','Red','4.0',3,36.5,190),(299,154,'Cava El Tros Nou Pinot Noir','2009','Cava','2.0',3,89.9,30),(300,155,'Singular Negre','2015','Cabernet Sauvignon','4.0',3,27.35,51),(301,156,'Don Miguel','2016','Ribera Del Duero Red','5.0',3,31.9239,51),(302,156,'Don Miguel Comenge Reserva','2011','Ribera Del Duero Red','5.0',3,38.4,355),(303,156,'Familia Comenge Reserva','2016','Ribera Del Duero Red','5.0',3,21.3,410),(304,157,'Alenza Ribera del Duero Gran Reserva','2006','Ribera Del Duero Red','5.0',3,70,675),(305,158,'Iugiter','2015','Priorat Red','Unknown',0,25.5,83),(306,158,'Les Brugueres','2018','Priorat Red','Unknown',0,16.76,390),(307,158,'Voltons','2017','Priorat Red','4.0',3,51.95,32),(308,159,'Reserva','1995','Rioja Red','4.0',3,55,45),(309,159,'Rioja Graciano','2015','Rioja Red','4.0',3,62.5,220),(310,159,'Rioja Gran Reserva','2016','Rioja Red','4.0',3,40.45,267),(311,159,'Vina del Olivo','2001','Rioja Red','4.0',3,81,60),(312,160,'Clos Cypres Vinyes Velles (Old Vines)','2015','Priorat Red','4.0',3,49,111),(313,161,'Clos de L\'Obac','2005','Priorat Red','4.0',3,92.8716,493),(314,161,'Dolc de L\'Obac','2006','Unknown','Unknown',0,117.239,94),(315,161,'Miserere','2010','Priorat Red','4.0',3,78.5,74),(316,162,'Finca Los Hoyales Ribera del Duero','2015','Ribera Del Duero Red','5.0',3,57,140),(317,163,'Alomado','2018','Rioja Red','4.0',3,46.95,25),(318,164,'Fondillon Gran Reserva','1964','Unknown','Unknown',0,49.95,432),(319,165,'Vobiscum','2015','Rioja Red','4.0',3,31.99,28),(320,166,'Julia','2018','Monastrell','5.0',3,17.95,135),(321,166,'Sofia','2018','Red','4.0',3,15.9,195),(322,167,'Lo Cabalo Reserva','2015','Priorat Red','Unknown',0,26.9,171),(323,167,'Vermouth Reserva','N.V.','Unknown','Unknown',0,10.45,129),(324,168,'Crianza','2018','Ribera Del Duero Red','5.0',3,18.9,528),(325,168,'Gran Reserva','2001','Ribera Del Duero Red','5.0',3,185.15,31),(326,168,'Solideo','2015','Ribera Del Duero Red','5.0',3,35.09,592),(327,169,'Cabernet Sauvignon','2019','Cabernet Sauvignon','4.0',3,16.9,27),(328,169,'Coleccion Privada','2017','Red','4.0',3,26.9,59),(329,169,'Petit Verdot','2018','Red','4.0',3,20.15,36),(330,170,'B.Rodriguez La-Cave Quo Vadis?','N.V.','Sherry','4.0',3,87.9,89),(331,171,'La Faraona Bierzo (Corullon)','2017','Red','4.0',3,1098.9,26),(332,171,'Las Lamas Bierzo (Corullon)','2018','Mencia','3.0',3,120,32),(333,171,'Moncerbal Bierzo (Corullon)','2016','Mencia','3.0',3,269.95,48),(334,171,'Valdafoz Bierzo (Corullon)','2011','Mencia','3.0',3,135.5,38),(335,172,'Reserva Tempranillo','2011','Rioja Red','4.0',3,20.4533,587),(336,173,'Fino Imperial Amontillado 30 Anos','N.V.','Sherry','4.0',3,94.9,81),(337,174,'Platon Tinto','2019','Toro Red','5.0',3,25.9,52),(338,175,'Cepas Vellas Rias Baixas Albarino','2020','Albarino','3.0',3,26.5,44),(339,176,'Reserva','2014','Ribera Del Duero Red','5.0',3,23.77,59),(340,177,'Diego Magana','2020','Rioja Red','4.0',3,37.9,26),(341,178,'Dominio de Atauta','2017','Ribera Del Duero Red','5.0',3,25.25,556),(342,178,'Llanos del Almendro Ribera del Duero','2011','Ribera Del Duero Red','5.0',3,115.2,73),(343,178,'Valdegatiles Ribera del Duero','2012','Ribera Del Duero Red','5.0',3,106.35,34),(344,179,'Pendon De La Aguilera','2010','Ribera Del Duero Red','5.0',3,299.287,47),(345,179,'Seleccion La Aguilera','2016','Ribera Del Duero Red','5.0',3,15.9,511),(346,179,'Tierras de Cair Reserva','2014','Ribera Del Duero Red','5.0',3,37,208),(347,180,'Tinto','2019','Ribera Del Duero Red','5.0',3,67.94,114),(348,181,'Vinas Viejas de Soria Ribera Del Duero','2018','Ribera Del Duero Red','5.0',3,165,117),(349,182,'Seleccion Especial','2016','Ribera Del Duero Red','5.0',3,32,28),(350,183,'Flor de Pingus','2018','Ribera Del Duero Red','5.0',3,129.95,1363),(351,183,'PSI','2018','Ribera Del Duero Red','5.0',3,29.13,4767),(352,183,'Pingus','2016','Ribera Del Duero Red','5.0',3,1280,145),(353,184,'Finca la Beata Bobal','2014','Red','Unknown',0,33.9,80),(354,185,'Canta la Perdiz','2013','Ribera Del Duero Red','5.0',3,295,51),(355,185,'Gran Reserva Penas Aladas','2014','Ribera Del Duero Red','5.0',3,218.9,58),(356,185,'Reserva','2018','Ribera Del Duero Red','5.0',3,59.8,141),(357,186,'El Titan del Bendito','2015','Toro Red','5.0',3,43.5,388),(358,186,'La Chispa Negra','2011','Unknown','Unknown',0,24,82),(359,186,'Las Sabias','2017','Toro Red','Unknown',0,22.55,270),(360,187,'Lapola','2019','Unknown','Unknown',0,20.74,196),(361,188,'Finca La Pedrissa','2015','Red','4.0',3,37.9,34),(362,189,'Merlot - Syrah','2016','Red','4.0',3,11.5,27),(363,190,'Coto de Imaz Rioja Gran Reserva','2012','Rioja Red','4.0',3,16.14,6256),(364,191,'Grillo','2012','Red','4.0',3,32.9,200),(365,192,'Vendimia Seleccionada','2015','Ribera Del Duero Red','5.0',3,28.83,53),(366,193,'Oloroso Extra Viejo 1/7','N.V.','Sherry','4.0',3,217.8,78),(367,193,'Palo Cortado','N.V.','Sherry','4.0',3,85.4,119),(368,194,'Galia Clos Santuy','2016','Red','4.0',3,89,32),(369,195,'Santa Ana Pedro Ximenez 1861','N.V.','Pedro Ximenez','5.0',1,320,36),(370,196,'Clon De La Familia','2010','Ribera Del Duero Red','5.0',3,317.63,127),(371,196,'La Felisa','2018','Ribera Del Duero Red','5.0',3,26.3,483),(372,196,'La Revelia Godello','2019','Unknown','Unknown',0,21.65,37),(373,196,'Malleolus','2018','Ribera Del Duero Red','Unknown',0,38.61,4121),(374,196,'Malleolus de Sanchomartin','2016','Ribera Del Duero Red','5.0',3,116.54,291),(375,196,'Malleolus de Valderramiro','2016','Ribera Del Duero Red','5.0',3,84.95,300),(376,196,'Ribera del Duero','2018','Ribera Del Duero Red','5.0',3,19.5,7825),(377,196,'Vendimia Seleccionada','2019','Ribera Del Duero Red','5.0',3,21.38,77),(378,197,'Blanco','2017','Unknown','Unknown',0,49.95,134),(379,198,'Cabernet','2012','Red','4.0',3,23.5,57),(380,198,'Chardonnay Fermentado en Barrica','2019','Chardonnay','4.0',3,15.75,674),(381,198,'Chardonnay Uno','2011','Chardonnay','4.0',3,200.13,96),(382,198,'Reserva Especial','2006','Red','4.0',3,65.9,53),(383,198,'Syrah (Shiraz)','2016','Syrah','4.0',3,23.5,175),(384,198,'Uno Tinto','2010','Red','4.0',3,129.9,28),(385,199,'Nun Vinya dels Taus','2018','Unknown','Unknown',0,62.7,59),(386,200,'Santa Rosa','2017','Red','Unknown',0,18.9,420),(387,201,'La Bota 69 de Amontillado','N.V.','Sherry','4.0',3,113.72,72),(388,201,'La Bota 78 de Oloroso','N.V.','Sherry','4.0',3,95.57,41),(389,201,'La Bota 90 de Manzanilla Pasada','N.V.','Sherry','4.0',3,39.75,35),(390,202,'Lo Cortinelo.Lo Blanc','2017','Unknown','Unknown',0,27.25,58),(391,203,'Tinto','2013','Montsant Red','4.0',3,157.95,214),(392,204,'Coma Bruna','2017','Red','4.0',3,22.8,67),(393,205,'Coster d\'en Fornos','2017','Montsant Red','4.0',3,40.55,31),(394,206,'Castineiro Albarino','2017','Albarino','3.0',3,30.75,111),(395,206,'Maceracion Con Pieles','2017','Albarino','3.0',3,36.95,95),(396,207,'Grans Muralles','2015','Red','4.0',3,170.5,189),(397,207,'Mas La Plana Cabernet Sauvignon','2013','Cabernet Sauvignon','Unknown',0,63.33,2911),(398,207,'Milmanda','2015','Chardonnay','4.0',3,126.2,473),(399,207,'Perpetual','2017','Priorat Red','4.0',3,62.75,127),(400,207,'Purgatori Costers del Segre','2018','Red','4.0',3,27.9,228),(401,207,'Reserva Real','1998','Red','4.0',3,213.5,43),(402,207,'Salmos','2016','Priorat Red','4.0',3,24.85,3225),(403,207,'San Valentin Parellada','2019','Unknown','Unknown',0,6.95,7401),(404,208,'Campus Gothorum','2017','Toro Red','5.0',3,41,35),(405,209,'Gran Reserva','1928','Rioja Red','4.0',3,270,43),(406,210,'Albarino de Fefinanes III Ano','2017','Albarino','3.0',3,35.4,128),(407,211,'Mucho Mas Tinto','N.V.','Red','4.0',3,4.99,32624),(408,212,'Oloroso','N.V.','Sherry','4.0',3,59.9,38),(409,213,'Vitium Reserva','2010','Rioja Red','Unknown',0,27.8,171),(410,214,'Antique Palo Cortado','N.V.','Sherry','4.0',3,36.9,519),(411,215,'Priorat','2018','Priorat Red','4.0',3,25.88,68),(412,215,'Priorat Vinyes Velles','2017','Priorat Red','4.0',3,32.65,575),(413,215,'Seleccio Especial Vinyes Velles','2015','Priorat Red','4.0',3,64,197),(414,216,'Milagros de Figuero','2016','Ribera Del Duero Red','5.0',3,34.85,68),(415,216,'Noble','2015','Ribera Del Duero Red','5.0',3,60,38),(416,216,'Vinas Viejas','2018','Ribera Del Duero Red','5.0',3,25.1,119),(417,217,'Tintilla de Rota','2016','Unknown','Unknown',0,43.13,92),(418,218,'5o Ano','2014','Red','4.0',3,23.3863,62),(419,218,'Cerro del Lobo Syrah','2018','Syrah','4.0',3,24.5,51),(420,219,'Cyclo','2018','Ribera Del Duero Red','5.0',3,35.15,89),(421,219,'Penalba Lopez Blanco','2019','Unknown','Unknown',0,13.65,57),(422,219,'Torre Albeniz Reserva Ribera del Duero','2016','Ribera Del Duero Red','5.0',3,28.85,419),(423,219,'Torremilanos Coleccion Ribera del Duero','2016','Ribera Del Duero Red','5.0',3,40.45,32),(424,220,'Petra de Valpiedra Garnacha','2017','Grenache','5.0',3,32.9,55),(425,220,'Rioja Reserva','1994','Rioja Red','4.0',3,65,34),(426,221,'Nebro Ribera del Duero','2011','Ribera Del Duero Red','5.0',3,154.5,69),(427,222,'Blanco Afrutado','2020','Unknown','Unknown',0,11.99,30),(428,223,'Fos Baranda','2017','Rioja Red','Unknown',0,29.9,87),(429,224,'Ribera Del Duero','2018','Ribera Del Duero Red','5.0',3,35.85,462),(430,225,'Adega do Moucho Treixadura','2017','Unknown','Unknown',0,34.5,53),(431,226,'Cava Cuvee De Prestige Trepat','2019','Cava','2.0',3,7.89,43),(432,227,'La Pizca','2016','Red','4.0',3,26,35),(433,228,'Manar dos Seixas','2019','Unknown','Unknown',0,13.5,38),(434,229,'Ribera del Duero','2016','Ribera Del Duero Red','5.0',3,33.59,1119),(435,230,'Cepas Vellas Godello','2019','Unknown','Unknown',0,18.48,272),(436,231,'Cerro Las Cuevas Seleccion Terroir','2019','Rioja Red','4.0',3,39.89,26),(437,231,'Montes Obarenes Seleccion Terroir','2016','Rioja White','3.0',3,42.95,122),(438,231,'Pancrudo','2019','Rioja Red','4.0',3,34.9,134),(439,231,'Vina Motulleri','2011','Rioja Red','4.0',3,79,30),(440,232,'Anada Palo Cortado 1987','1987','Sherry','4.0',3,400.85,53),(441,232,'Apostoles 30 Years Old Sherry','N.V.','Sherry','4.0',3,74,1247),(442,232,'Del Duque Amontillado Sherry VORS','N.V.','Sherry','4.0',3,77.22,1016),(443,232,'Matusalem Sherry VORS','N.V.','Sherry','4.0',3,63.34,1452),(444,233,'Finca Los Quemados','2016','Ribera Del Duero Red','5.0',3,27.7,35),(445,234,'Cava Celler Batlle','2006','Cava','2.0',3,51.95,201),(446,234,'Cava Enoteca Finca La Plana Brut Nature','2001','Cava','2.0',3,164.66,58),(447,234,'Cava Enoteca Finca de L\'Origen Brut Nature','2002','Cava','2.0',3,142,28),(448,234,'Gessami','2019','Unknown','Unknown',0,9.95,1164),(449,234,'Savinat Sauvignon Blanc','2019','Sauvignon Blanc','3.0',3,17.9,41),(450,234,'Vi De Glass Gewurztraminer','2017','Unknown','Unknown',0,18.58,35),(451,235,'Musivari Gran Reserva Brut Nature','2007','Sparkling','2.0',3,23.22,77),(452,236,'Cava Gran Reserva Familiar Millenium Brut','2011','Cava','2.0',3,29.95,27),(453,237,'Casta Diva Cosecha Miel Moscatel Dulce','2018','Unknown','Unknown',0,15.5,27),(454,237,'Recondita Armonia Monastrell Dulce','1987','Unknown','Unknown',0,81.9,27),(455,238,'No. 20','2016','Red','4.0',3,23.95,124),(456,238,'No. 23','2017','Red','4.0',3,23.1,26),(457,239,'Finca la Oracion','2017','Rioja Red','Unknown',0,20.45,88),(458,240,'Gran Reserva Classica Blanco','2012','Rioja White','3.0',3,36.75,70),(459,240,'Gran Reserva Classica Tinto','2001','Rioja Red','4.0',3,36.75,135),(460,241,'Cosecha','2016','Ribera Del Duero Red','Unknown',0,37.8,3406),(461,241,'Reserva','2017','Ribera Del Duero Red','5.0',3,50,64),(462,241,'Reserva Especial','2015','Ribera Del Duero Red','5.0',3,79.1,80),(463,242,'Finca Cascorrales','2016','Ribera Del Duero Red','5.0',3,64.3,57),(464,242,'Pena Lobera','2016','Ribera Del Duero Red','5.0',3,65.95,57),(465,243,'Magister','2017','Red','4.0',3,35.5,35),(467,244,'30 Years VORS Pedro Ximenez Sherry','N.V.','Sherry','4.0',3,58.95,159),(468,245,'Finca Iscorta Gran Reserva','2010','Rioja Red','4.0',3,27,334),(470,247,'Bassus Pinot Noir','2017','Red','4.0',3,18.95,753),(471,248,'Taberner No. 1','2013','Red','4.0',3,79.9,32),(472,248,'Taberner Tierra de Cadiz','2014','Syrah','4.0',3,32.0011,1337),(473,249,'Falguera','2009','Red','4.0',3,53.55,38),(474,250,'Rioja Gran Reserva','2015','Rioja Red','Unknown',0,49.97,471),(475,250,'Rioja Reserva','1982','Rioja Red','4.0',3,145,41),(476,251,'Laderas de Inurrieta','2017','Red','4.0',3,26.1,30),(477,252,'Chafandin','2018','Ribera Del Duero Red','5.0',3,28.95,155),(478,253,'Sensal','2020','Red','4.0',3,22.35,45),(479,254,'Singular V Malcorta Verdejo','2020','Verdejo','3.0',3,17.49,168),(480,254,'V Dulce de Invierno','2018','Unknown','Unknown',0,17.74,26),(481,255,'Vinya La Scala Gran Reserva Cabernet Sauvignon','2013','Cabernet Sauvignon','4.0',3,41.9,177),(482,256,'Seleccion Rioja','2015','Rioja Red','4.0',3,67.1,107),(483,257,'Cantos del Diablo','2018','Grenache','5.0',3,197,38),(484,257,'El Reventon Cebreros','2016','Grenache','5.0',3,67.95,40),(485,257,'Las Iruelas El Tiemblo','2018','Grenache','5.0',3,97.07,26),(486,258,'Les Eres Vinyes Velles','2015','Priorat Red','4.0',3,32.49,70),(487,259,'Planella','2020','Montsant Red','4.0',3,16.25,34),(488,260,'No. 2 Victoria','2018','Unknown','Unknown',0,15.9,64),(489,261,'Juan Piernas Finca El Paso Malo Monastrell','2017','Monastrell','5.0',3,27.9,74),(490,262,'Finca Las Comas Verdejo','2018','Verdejo','3.0',3,34.5,32),(491,262,'Sauvignon Blanc','2021','Sauvignon Blanc','Unknown',0,8.9,83),(492,262,'Verdejo Fermentado en Barrica','2020','Verdejo','3.0',3,14.5,53),(493,263,'Maimo Garnatxa','2018','Grenache','5.0',3,26.9,88),(494,263,'Territori','2019','Red','4.0',3,23.6,25),(495,264,'Bruto','2018','Monastrell','5.0',3,37.7,384),(496,264,'Jumilla Blue Label','2019','Red','4.0',3,21.95,966),(497,265,'Amontillado 30 Years Old V.O.R.S Sherry','N.V.','Sherry','4.0',3,36.9,69),(498,265,'Oloroso 30 Years Old V.O.R.S','N.V.','Sherry','4.0',3,37.9,48),(499,266,'Cava Brut Milesime','2017','Cava','Unknown',0,24.1,80),(500,266,'Cava Gran Reserva La Capella Brut','2010','Cava','2.0',3,75.5,46),(501,267,'Capricho','2014','Red','4.0',3,27.2693,47),(502,268,'Gran Reserva 890','1985','Rioja Red','4.0',3,215.34,26),(503,268,'Rioja Gran Reserva 904','1987','Rioja Red','4.0',3,190,57),(504,268,'Vina Alberdi Crianza','2015','Rioja Red','4.0',3,11.2,1341),(505,268,'Vina Alberdi Reserva','2015','Rioja Red','4.0',3,17.02,5802),(506,268,'Vina Arana Gran Reserva','2015','Rioja Red','4.0',3,27.9,28),(507,268,'Vina Ardanza Reserva','2015','Rioja Red','4.0',3,23,2370),(508,268,'Vina Ardanza Reserva Seleccion Especial','2015','Rioja Red','4.0',3,23,49),(509,269,'Fourth Edition','Unknown','Tempranillo','4.0',2,40,131),(510,270,'Albarino Sobre Lias','2015','Albarino','3.0',3,23.9,45),(511,271,'Gran Reserva','2010','Rioja Red','4.0',3,59.25,239),(512,271,'Reserva','2014','Rioja Red','4.0',3,21.5,818),(513,272,'La Vinya del Vuit (8)','2015','Priorat Red','Unknown',0,73,26),(514,273,'Barrica','2018','Red','4.0',3,20.95,32),(515,274,'A Pita Cega','2015','Unknown','Unknown',0,44.8,30),(516,275,'Vinas Viejas','2014','Ribera Del Duero Red','5.0',3,37.0651,44),(517,276,'A Mano Rioja','2017','Rioja Red','4.0',3,30.73,360),(518,276,'Culmen Reserva Rioja','2015','Rioja Red','4.0',3,42.75,365),(519,276,'Vina Lanciano Reserva','2015','Rioja Red','4.0',3,14.6,514),(520,277,'Tempranillo Reserva','2012','Rioja Red','4.0',3,14.9,46),(521,278,'Guarda de Leda Seleccion Tempranillo','2015','Tempranillo','4.0',2,37.66,59),(522,278,'Vinas Viejas Tempranillo','2017','Tempranillo','4.0',2,28.38,174),(523,279,'Calmo','2014','Ribera Del Duero Red','5.0',3,71.9,43),(524,279,'La Aguilera','2016','Ribera Del Duero Red','5.0',3,32.5,44),(525,279,'Moradillo de Roa','2017','Ribera Del Duero Red','5.0',3,29.89,35),(526,280,'La Time','2000','Unknown','Unknown',0,21.95,94),(527,280,'Los Tabaqueros','2006','Unknown','Unknown',0,21.95,419),(528,281,'Cava Ex-Vite Gran Reserva Brut','2010','Cava','2.0',3,43.5,57),(529,281,'Cava Original Brut (Espumos)','2010','Cava','2.0',3,52.95,49),(530,282,'Tinto','2019','Ribera Del Duero Red','5.0',3,8.57,26),(531,283,'Bagus Ribera del Duero','2012','Ribera Del Duero Red','5.0',3,54,559),(532,283,'Seleccion','2012','Ribera Del Duero Red','5.0',3,35.35,31),(533,284,'Pago El Espino','2019','Red','4.0',3,18.9,56),(534,284,'Pinot Noir','2020','Red','4.0',3,33.5,25),(535,284,'Tadeo Tinto','2014','Red','4.0',3,33,215),(536,285,'Altos de Losada','2019','Mencia','3.0',3,18.35,97),(537,285,'Altos de Losada El Cepon','2017','Mencia','3.0',3,35.9,132),(538,285,'La Bienquerida','2019','Mencia','3.0',3,32.9,41),(539,286,'El Cordero y las Virgenes','2016','Red','4.0',3,24,60),(540,287,'A Torna dos Pasas Escolma Ribeiro','2016','Red','4.0',3,40.75,37),(541,287,'Vina de Martin Escolma Ribeiro','2016','Unknown','Unknown',0,37.65,85),(542,288,'Hiru 3 Rioja Racimos','2005','Rioja Red','4.0',3,118,91),(543,288,'Reserva Seleccion de la Familia','2016','Rioja Red','4.0',3,18.5,1282),(544,288,'Rioja Gran Reserva','2016','Rioja Red','4.0',3,21.01,45),(545,289,'Candela Cream Dulce Sweet','N.V.','Sherry','Unknown',0,7.1,405),(546,289,'Jerez-Xeres-Sherry 30 Year Old Oloroso VORS','N.V.','Sherry','4.0',3,39,135),(547,289,'Pedro Ximenez Murillo Seleccion del Centenario','N.V.','Pedro Ximenez','5.0',1,40,481),(548,289,'Vermut Rojo','N.V.','Unknown','Unknown',0,11.9,1058),(549,290,'La Riva Fino Balbaina Alta','N.V.','Sherry','4.0',3,47.45,67),(550,291,'Pinot Noir','2017','Red','4.0',3,29.38,31),(551,292,'Rias Baixas Albarino Atlantico','2019','Albarino','3.0',3,14.95,4610),(552,292,'Rias Baixas Albarino Finca Valinas','2015','Albarino','Unknown',0,16.78,414),(553,293,'Clos Abella Seleccion Especial','2014','Priorat Red','4.0',3,43.85,173),(554,294,'8000','2017','Ribera Del Duero Red','5.0',3,29.95,75),(555,295,'Gaudium','2016','Rioja Red','4.0',3,34.9,104),(556,295,'Rioja Reserva','1985','Rioja Red','4.0',3,45,35),(557,295,'Rioja Satinela Blanco Semidulce','2020','Rioja White','3.0',3,6.99,630),(558,296,'AAA','2008','Red','4.0',3,162.38,63),(559,296,'Emeritvs (Emeritus)','2013','Red','4.0',3,48.9,147),(560,297,'Capellania Reserva','2016','Rioja White','3.0',3,32.33,422),(561,297,'Castillo Ygay Gran Reserva Especial Blanco','1986','Rioja White','3.0',3,795,425),(562,297,'Castillo Ygay Gran Reserva Especial Tinto','1942','Rioja Red','4.0',3,680,27),(563,297,'Dalmau Rioja','2017','Rioja Red','4.0',3,85.7,222),(564,297,'Gran Reserva Rioja (Finca Ygay)','2011','Rioja Red','4.0',3,94.95,1118),(565,297,'Reserva Rioja (Finca Ygay)','1954','Rioja Red','4.0',3,210,42),(566,298,'Baron de Chirel Rioja Reserva','2016','Rioja Red','4.0',3,73.62,163),(567,298,'Baron de Chirel Verdejo Vinas Centenarias','2018','Verdejo','3.0',3,40.5,71),(568,298,'Frank Gehry Selection','2001','Tempranillo','4.0',2,301,124),(569,298,'Reserva XR','2016','Rioja Red','4.0',3,21.24,676),(570,298,'Rioja 150 Aniversario','2010','Rioja Red','4.0',3,59,1686),(571,298,'Rioja Gran Reserva','2015','Rioja Red','Unknown',0,35.1,485),(572,298,'Rioja Reserva','1994','Rioja Red','Unknown',0,65,296),(573,299,'Rioja Gran Reserva','2010','Red','4.0',3,25.95,368),(574,300,'Gran Reserva Rioja','2011','Rioja Red','4.0',3,35.01,901),(575,300,'Hacienda Pradolagar','2015','Rioja Red','4.0',3,105.12,1326),(576,300,'Reserva Privada Rioja','2015','Rioja Red','4.0',3,49.67,746),(577,300,'Seleccion Privada','2011','Rioja Red','4.0',3,68,65),(579,302,'Primordium','2012','Ribera Del Duero Red','5.0',3,29.9,40),(580,303,'Masia Carreras Negre','2018','Red','Unknown',0,20.59,149),(581,304,'Arousa','2019','Albarino','3.0',3,18.99,44),(582,304,'Gallaecia Rias Baixes Albarino','2017','Albarino','3.0',3,39.95,34),(583,305,'Cami Pesseroles','2006','Priorat Red','4.0',3,182.9,65),(584,305,'Clos Martinet','2014','Priorat Red','4.0',3,65,230),(585,305,'Els Escurcons','2014','Priorat Red','4.0',3,78.49,143),(586,305,'Martinet Bru (Garnatxa - Syrah)','2019','Priorat Red','4.0',3,21.9,897),(587,306,'Rioja Reserva Especial','1922','Rioja Red','4.0',3,280,51),(588,307,'Argila Reserva 3 Anys Brut Nature','2013','Sparkling','2.0',3,21.6,34),(589,308,'Sao Expressiu','2012','Red','4.0',3,34.5,28),(590,309,'1902 Centenary Carignan Priorat','2015','Priorat Red','4.0',3,299,94),(591,309,'1903 Centenary Grenache','2016','Priorat Red','4.0',3,299,28),(592,309,'Doix','2017','Priorat Red','4.0',3,79.9,71),(593,310,'Finca Butaros Vinya Centenaria','2015','Red','4.0',3,32.23,67),(594,311,'Perinet + Plus','2004','Priorat Red','4.0',3,54.05,85),(595,312,'La Plazuela','2015','Red','4.0',3,44.05,141),(596,313,'Clos Fonta Priorat','2004','Priorat Red','4.0',3,150,202),(597,313,'Coma Vella Priorat','2014','Priorat Red','4.0',3,24.8,576),(598,313,'Gran Buig Priorat','2004','Priorat Red','4.0',3,272,79),(599,314,'Nunci Negre','2013','Priorat Red','4.0',3,21.4,79),(600,315,'Mas del Serral','2007','Sparkling','2.0',3,192.16,82),(601,316,'Crianza','2016','Ribera Del Duero Red','5.0',3,9.76,4127),(602,316,'Gran Reserva','2014','Ribera Del Duero Red','5.0',3,74.55,52),(603,316,'Ribera del Duero Prestigio','2016','Ribera Del Duero Red','5.0',3,53.95,45),(604,316,'Ribera del Duero Prestigio Pago de las Solanas','2001','Ribera Del Duero Red','5.0',3,245.75,145),(605,316,'Ribera del Duero Reserva','2016','Ribera Del Duero Red','Unknown',0,31.5,4851),(606,317,'El Viejo','2018','Toro Red','5.0',3,32.01,1438),(607,318,'Vino de Autor Ribeiro Blanco','2020','Unknown','Unknown',0,15.9,34),(608,319,'Desti','2018','Priorat Red','4.0',3,29.95,136),(609,319,'El Cel','2015','Priorat Red','4.0',3,59,123),(610,319,'Inici','2017','Priorat Red','4.0',3,39,969),(611,320,'Mas Via Gran Reserva Brut','2004','Cava','2.0',3,40.33,102),(612,321,'Respublica Verdejo','2016','Verdejo','3.0',3,75.95,33),(613,322,'Gran Reserva','2000','Rioja Red','4.0',3,48.81,25),(614,322,'La Loma','2018','Rioja Red','4.0',3,46,29),(615,322,'Vitola Reserva','2016','Rioja Red','4.0',3,21.9,42),(616,323,'Tinto','2018','Ribera Del Duero Red','5.0',3,52.9,218),(617,324,'Seleccion Especial Verdejo','2021','Verdejo','3.0',3,6.26,32),(618,325,'Fondillon','1996','Red','4.0',3,73.9,236),(619,326,'Gran Reserva','1964','Rioja Red','4.0',3,140,54),(620,327,'Finca Matambres','2016','Ribera Del Duero Red','Unknown',0,28.3,170),(621,328,'Ribera del Duero Red','2015','Ribera Del Duero Red','5.0',3,18.9,1095),(622,329,'Garnacha','2019','Grenache','5.0',3,29.95,33),(623,329,'Godina Garnacha','2019','Grenache','5.0',3,16.25,370),(624,329,'Touran','2018','Grenache','5.0',3,93.95,41),(625,330,'Aro','2015','Rioja Red','4.0',3,169.4,529),(626,330,'Prado Enea Gran Reserva','2014','Rioja Red','4.0',3,51,1014),(627,330,'Seleccion Especial (Reserva)','2016','Rioja Red','Unknown',0,27.9,3589),(628,330,'Torre Muga','2016','Rioja Red','4.0',3,70.5,838),(629,331,'Veguin de Murua Gran Reserva','2012','Rioja Red','4.0',3,36,101),(630,332,'Sericis Cepas Viejas Monastrell','2017','Monastrell','5.0',3,8.95,745),(631,333,'Numerus Clausus','2012','Tempranillo','4.0',2,59.9,37),(632,334,'Finca Terrerazo','2018','Red','4.0',3,22.8,397),(633,334,'Quincha Corral','2016','Red','4.0',3,79.95,145),(634,335,'Naiades','2018','Verdejo','3.0',3,19.03,29),(635,336,'Mirador de Navajas Reserva Rioja','2011','Rioja Red','4.0',3,28.755,29),(636,337,'Punta Esencia','2011','Ribera Del Duero Red','Unknown',0,32.45,163),(637,337,'Ribera del Duero Tinto','2005','Ribera Del Duero Red','5.0',3,35,126),(638,338,'Garnacha Tintorera','2017','Red','4.0',3,13.2375,57),(639,339,'Nit de Nin Mas d\'en Cacador','2011','Priorat Red','4.0',3,345,139),(640,339,'Selma de Nin Blanco','2017','Unknown','Unknown',0,56.95,25),(641,340,'Albarino','2019','Albarino','Unknown',0,21.5,150),(642,341,'Vd\'O 1 Samso - Pissarra','2012','Red','4.0',3,34.95,46),(643,342,'Pozo Alto','2016','Rioja Red','4.0',3,119.95,48),(644,343,'Arnau Oller Seleccio de la Familia','2016','Red','4.0',3,33.15,108),(645,344,'Queiron Mi Lugar','2018','Rioja Red','4.0',3,21.5,232),(646,344,'Queiron Reserva Vinedos Familiares','2011','Rioja Red','4.0',3,26.85,74),(647,345,'Malpuesto','2018','Rioja Red','4.0',3,35.5,158),(648,346,'Nisia Las Suertes Verdejo Old Vines','2020','Verdejo','3.0',3,16.9,25),(649,346,'Vatan Arena Tinta de Toro','2014','Toro Red','5.0',3,369.05,79),(650,346,'Vatan Tinta de Toro','2017','Toro Red','Unknown',0,55.31,498),(651,347,'Amontillado 51-1a 30 Years VORS Sherry','N.V.','Sherry','4.0',3,64.8,89),(653,347,'Solera BC-200','N.V.','Sherry','4.0',3,197.3,25),(654,347,'Solera India Oloroso Rare Sherry','N.V.','Sherry','4.0',3,189.99,74),(655,347,'Solera PAP Palo Cortado Rare Sherry','N.V.','Sherry','4.0',3,189.99,41),(656,348,'Capitel','2018','Verdejo','3.0',3,50.51,107),(657,348,'Vinas Viejas Verdejo','2019','Verdejo','3.0',3,26.9,219),(658,349,'Gloria Rioja','2011','Rioja Red','4.0',3,44.9,55),(659,349,'Laderas Rioja','2014','Rioja Red','Unknown',0,31.13,81),(660,350,'Kalamity Rioja','2018','Rioja Red','4.0',3,114.95,46),(661,350,'Suzzane Rioja','2016','Rioja Red','Unknown',0,37.29,168),(662,351,'Vintage Albarino','2013','Albarino','3.0',3,24,117),(663,352,'Gran Calzadilla','2010','Red','4.0',3,34.75,37),(664,353,'Cuesta de Las Liebres','2015','Ribera Del Duero Red','5.0',3,166.18,372),(665,353,'El Anejon','2016','Ribera Del Duero Red','5.0',3,105.15,454),(666,353,'Reserva','2014','Ribera Del Duero Red','5.0',3,69.5803,1148),(667,353,'Tinto','2016','Ribera Del Duero Red','5.0',3,29.8,7529),(668,354,'Reserva Especial','2014','Red','4.0',3,16.9,49),(669,354,'Rosado de Larrainzar','2020','Unknown','Unknown',0,12,39),(670,355,'Crianza Tinto','2018','Ribera Del Duero Red','Unknown',0,24.5,2705),(671,355,'Doroteo Edicion Especial 25 Aniversario','2015','Ribera Del Duero Red','5.0',3,59,86),(672,355,'O Luar do Sil Valdeorras Godello Sobre Lias','2020','Unknown','Unknown',0,16.39,101),(673,355,'Parcela El Nogal Tinto','2015','Ribera Del Duero Red','5.0',3,45.9,1393),(674,355,'Parcela El Picon Tinto','2009','Ribera Del Duero Red','5.0',3,154,134),(675,355,'Reserva Tinto','2017','Ribera Del Duero Red','5.0',3,35.7,1040),(676,356,'Hipperia Red Blend','2018','Red','4.0',3,24.9,79),(677,356,'Montes de Toledo Syrah','2019','Syrah','4.0',3,19.5,97),(678,356,'Vallegarcia Viognier','2019','Unknown','Unknown',0,18.5,114),(679,357,'Crianza Vendimia Seleccionada','2018','Ribera Del Duero Red','5.0',3,18.95,130),(680,358,'Propiedad  Rioja','2017','Rioja Red','4.0',3,25.9,527),(681,359,'Palmeri Navalta Garnacha','2016','Grenache','5.0',3,28.9,151),(682,360,'Garnacha Vinas Centenarias','2015','Grenache','5.0',3,13.95,25),(683,361,'Gran Vino Albarino','2019','Albarino','3.0',3,34.9,188),(684,361,'La Comtesse de Pazo Barrantes Albarino','2017','Albarino','3.0',3,59.95,69),(685,362,'Seleccion de Anada Albarino Rias Baixas','2012','Albarino','3.0',3,34.25,130),(686,362,'Tras Los Muros Albarino','2017','Albarino','3.0',3,38,42),(687,363,'Albarino','2020','Albarino','Unknown',0,13.75,281),(688,364,'Albarino Pedralonga','2019','Albarino','Unknown',0,15.71,86),(689,364,'Vendetta','2013','Albarino','Unknown',0,38,25),(690,365,'Alba de Miros Rueda Verdejo','2019','Verdejo','3.0',3,9.9,49),(691,365,'Mironia Black Edition Tempranillo','2015','Ribera Del Duero Red','5.0',3,49.5,73),(692,365,'Silencio de Miros Ribera Del Duero','2015','Ribera Del Duero Red','5.0',3,42.35,239),(693,366,'Giro de Abargues','2019','Red','Unknown',0,23.5,167),(694,367,'Gran Barquero Palo Cortado Solera 25 Anos','N.V.','Unknown','Unknown',0,34.9,108),(695,368,'1194','2016','Red','4.0',3,105.812,64),(696,368,'Priorat','2016','Priorat Red','4.0',3,65,309),(697,369,'17','2018','Tempranillo','4.0',2,57.9,115),(698,369,'Tinto','2017','Ribera Del Duero Red','5.0',3,145,89),(699,370,'Ribera del Duero Vendimia Seleccionada','2016','Ribera Del Duero Red','5.0',3,19.8563,26),(700,371,'Toro','2014','Toro Red','5.0',3,69,5863),(701,372,'Aurea','2012','Mencia','3.0',3,28.5,133),(702,373,'Clos del Portal Negre de Negres','2017','Priorat Red','4.0',3,21.85,612),(703,373,'Clos del Portal Somni','2016','Priorat Red','4.0',3,33.03,98),(704,373,'Clos del Portal Tros de Clos','2016','Priorat Red','4.0',3,56.95,109),(705,374,'Summa Edicion Limitada','2015','Ribera Del Duero Red','5.0',3,89.97,56),(706,375,'Adaro','2017','Ribera Del Duero Red','5.0',3,16.45,436),(707,375,'El Cuentista','2018','Unknown','Unknown',0,17.9,57),(708,375,'Elite','2017','Ribera Del Duero Red','Unknown',0,35.51,301),(709,376,'27 Ribera del Duero','2016','Ribera Del Duero Red','5.0',3,21,3725),(710,376,'Gran Reserva','2014','Ribera Del Duero Red','5.0',3,41.95,553),(711,376,'Reserva 5 Ano','2015','Ribera Del Duero Red','5.0',3,22.95,1040),(712,376,'Seleccion Finca el Grajo Viejo','2016','Ribera Del Duero Red','5.0',3,59.95,162),(713,377,'El Garnacho Viejo de la Familia Acha','2014','Rioja Red','4.0',3,79.9,45),(714,378,'Rioja','2005','Rioja Red','4.0',3,29,34),(715,378,'Rioja Anadas Frias','2016','Rioja White','3.0',3,75,49),(716,378,'Rioja Cisma','2014','Rioja Red','4.0',3,140,50),(717,378,'Rioja Norte','2010','Rioja Red','4.0',3,75,138),(718,379,'QS','2014','Red','4.0',3,35.85,358),(719,380,'La Mula de la Quietud','2015','Toro Red','5.0',3,63.75,256),(720,381,'Gran Reserva Rosado','2011','Unknown','Unknown',0,49.95,206),(721,381,'Vina Bosconia Reserva','2008','Rioja Red','4.0',3,22.58,2901),(722,381,'Vina Tondonia Gran Reserva','1995','Rioja Red','4.0',3,170,292),(723,381,'Vina Tondonia Gran Reserva Blanco','1981','Rioja White','3.0',3,274.95,78),(724,381,'Vina Tondonia Reserva','2008','Rioja Red','4.0',3,37.9,6521),(725,381,'Vina Tondonia Reserva Blanco','2005','Rioja White','3.0',3,26.9,1043),(726,382,'As Sortes Val do Bibei Godello','2020','Unknown','Unknown',0,55,115),(727,382,'Louro Godello','2019','Unknown','Unknown',0,19.7,2685),(728,382,'Sorte O Soro Val do Bibei','2019','Unknown','Unknown',0,194.86,37),(729,383,'Lalomba Finca Ladero','2016','Rioja Red','4.0',3,58.25,40),(730,383,'Lalomba Finca Valhonta','2017','Rioja Red','4.0',3,56.75,61),(731,383,'Mirto','2014','Rioja Red','4.0',3,48.34,473),(732,384,'Treixadura','2020','Unknown','Unknown',0,11.95,407),(733,385,'Tinto','2006','Red','Unknown',0,34,443),(734,386,'Rara Avis Prieto Picudo','2013','Red','4.0',3,39.95,45),(735,386,'Sketch','2019','Albarino','3.0',3,44.95,56),(736,386,'Ultreia Valtuille Mencia','2019','Mencia','Unknown',0,45.9,83),(737,387,'Tinto','2016','Rioja Red','4.0',3,78.95,64),(738,388,'Corpinnat Enoteca Reserva Particular de Recaredo','2004','Sparkling','2.0',3,130,25),(739,388,'Corpinnat Terrers Brut Nature','2017','Cava','2.0',3,25,667),(740,388,'Reserva Particular de Recaredo Brut Nature','2011','Cava','2.0',3,65.05,35),(741,388,'Serral del Vell Brut Nature','2014','Cava','2.0',3,44.41,166),(742,388,'Turo d\'en Mota','2007','Cava','2.0',3,99,64),(743,389,'Granja Gran Reserva Rioja','2011','Rioja Red','4.0',3,43.9,313),(744,389,'Rioja Blanco','2017','Rioja White','3.0',3,49.2,201),(745,389,'Rioja Reserva','2012','Rioja Red','4.0',3,15.83,3453),(746,390,'Gran Reserva','2007','Rioja Red','4.0',3,121.839,529),(747,390,'Maria Remirez de Ganuza','2006','Rioja Red','4.0',3,234.9,240),(748,390,'Rioja Blanco','2019','Rioja White','3.0',3,26.45,27),(749,390,'Rioja Blanco Reserva','2012','Rioja White','3.0',3,65.5,66),(750,390,'Rioja Reserva','2012','Rioja Red','4.0',3,49.75,1089),(751,390,'Rioja Reserva Fincas de Ganuza','2014','Rioja Red','4.0',3,29.5,684),(752,390,'Rioja Vina Coqueta','2008','Rioja Red','4.0',3,56.7603,429),(753,390,'Trasnocho','2013','Rioja Red','4.0',3,82.5,91),(754,391,'Gran Ribera del Duero','2010','Ribera Del Duero Red','5.0',3,41.9189,122),(755,391,'Resalte Expresion','2015','Ribera Del Duero Red','Unknown',0,28.5,80),(756,392,'Cava Reserva Especial Chardonnay Brut Nature','2016','Cava','2.0',3,18.5,27),(758,394,'Tinto','2015','Red','4.0',3,12.19,122),(759,395,'Cami de Cormes','2018','Red','4.0',3,14.18,65),(760,396,'Cayetano del Pino Viejisimo Palo Cortado','N.V.','Sherry','4.0',3,25.92,61),(761,396,'Old & Plus Amontillado','N.V.','Sherry','4.0',3,15.84,28),(762,396,'Old & Plus Oloroso','N.V.','Sherry','4.0',3,45,28),(763,396,'Old & Plus Pedro Ximenez','N.V.','Sherry','4.0',3,42.12,64),(764,397,'Amontillado Saca','N.V.','Sherry','4.0',3,62.02,74),(765,397,'Saca Unica','N.V.','Sherry','4.0',3,96.38,39),(766,398,'Ronda','2015','Red','4.0',3,32.5,25),(767,399,'San Cucufate Monasterio','2017','Ribera Del Duero Red','5.0',3,33,42),(768,400,'Clos Monlleo','2011','Priorat Red','4.0',3,50,94),(769,401,'Oloroso En Rama','N.V.','Sherry','4.0',3,24.9,40),(770,402,'Albarino (O Rosal)','2021','Albarino','3.0',3,13.45,35),(771,403,'Gratallops Partida Bellvisos','2005','Priorat Red','4.0',3,266.81,59),(772,404,'Heretge Priorat','2017','Priorat Red','4.0',3,91.03,120),(773,404,'Masdeu','2013','Priorat Red','4.0',3,84.9,242),(774,404,'Massipa de Scala Dei Garnatxa Blanca - Xenin','2018','Unknown','Unknown',0,36.78,79),(775,404,'Pla dels Angels Rosado','2019','Unknown','Unknown',0,23,160),(776,404,'St Antoni de Scala Dei Priorat','2017','Priorat Red','4.0',3,75.04,30),(777,405,'Heaven & Hell','2017','Unknown','Unknown',0,18.5,32),(778,405,'Salvaxe','2018','Unknown','Unknown',0,26.75,35),(779,406,'Preludio','2017','Ribera Del Duero Red','5.0',3,24.9,591),(780,406,'Tinto','2012','Ribera Del Duero Red','5.0',3,63.5,70),(781,407,'San Vicente Rioja','2017','Rioja Red','4.0',3,34.8,505),(782,408,'Habis','2018','Verdejo','3.0',3,21.5,62),(783,409,'Amancio','2007','Rioja Red','4.0',3,399.6,70),(784,409,'Coleccion Privada','2017','Rioja Red','4.0',3,29.0132,366),(785,409,'Finca el Bosque','2015','Rioja Red','4.0',3,79.9,214),(786,409,'Magico','2016','Rioja Red','4.0',3,544.5,40),(787,410,'Salinas 1237','2014','Red','4.0',3,53.25,28),(788,411,'Perfume de Sonsierra','2014','Rioja Red','4.0',3,28.5,227),(789,412,'Tinto','2007','Red','4.0',3,33.4,30),(790,413,'Branco Vermu','N.V.','Unknown','Unknown',0,13.95,148),(791,413,'Vermello Vermu','N.V.','Unknown','Unknown',0,10.89,424),(792,414,'Pantocrator','2010','Rioja Red','4.0',3,19.9,241),(793,414,'Reserva','2014','Rioja Red','4.0',3,10.2,35),(794,415,'Finca El Canto','2015','Tempranillo','4.0',2,89.66,58),(795,415,'T3rno Seleccion de 3 Parcelas Ribera del Duero','2017','Ribera Del Duero Red','5.0',3,38.5,44),(796,416,'El Velado Tinto','2017','Rioja Red','4.0',3,73.95,30),(797,416,'Matallana','2014','Ribera Del Duero Red','5.0',3,42,138),(798,416,'Molino Real','2016','Unknown','Unknown',0,41.69,28),(799,416,'Tabuerniga','2018','Rioja Red','4.0',3,65.22,31),(800,417,'Clos Adrien','2013','Red','Unknown',0,47,82),(801,417,'Usted','2010','Red','4.0',3,379,31),(802,418,'Uro','2015','Toro Red','Unknown',0,31.45,155),(803,419,'La Mar','2018','Albarino','Unknown',0,27.7,301),(804,419,'Terras Gauda O Rosal','2020','Albarino','3.0',3,12.29,3648),(805,420,'Hispania','2018','Ribera Del Duero Red','5.0',3,28.9,43),(806,420,'Luthier Gran Reserva','2012','Ribera Del Duero Red','5.0',3,248,40),(807,420,'Territorio Luthier Reserva','2016','Ribera Del Duero Red','5.0',3,54,128),(808,421,'Les Manyes','2015','Priorat Red','4.0',3,189,98),(809,421,'Les Tosses','2016','Priorat Red','4.0',3,205.95,33),(810,421,'Pedra de Guix','2017','Unknown','Unknown',0,57.9,73),(811,422,'Alabaster','2016','Toro Red','5.0',3,135,264),(812,422,'Tinto','2013','Toro Red','5.0',3,995,58),(813,422,'Victorino','2016','Toro Red','5.0',3,38.7,812),(814,423,'Crianza','2019','Ribera Del Duero Red','5.0',3,17.25,599),(815,423,'Gran Reserva','2015','Ribera Del Duero Red','5.0',3,74.5,35),(816,423,'Millenium Gran Reserva','2015','Ribera Del Duero Red','5.0',3,77.5,213),(817,423,'Millenium Reserva','1996','Ribera Del Duero Red','5.0',3,199.45,106),(818,423,'Reserva','1986','Ribera Del Duero Red','5.0',3,90,29),(819,424,'Cuatro Palmas Amontillado','N.V.','Sherry','4.0',3,112.26,186),(820,425,'Alma Tobia Blanco','2016','Rioja White','3.0',3,33,26),(821,425,'Alma Tobia Rioja','2015','Rioja Red','4.0',3,40,72),(822,425,'Oscar Tobia Gran Reserva Rioja','2014','Rioja Red','4.0',3,28,31),(823,425,'Oscar Tobia Reserva Rioja','2015','Rioja Red','4.0',3,20,633),(824,426,'3er Ano Ribera del Duero Tinto','2017','Ribera Del Duero Red','5.0',3,27.4,2080),(825,426,'5o Ano Ribera del Duero Tinto','2016','Ribera Del Duero Red','5.0',3,44,113),(826,426,'Fermentado En Barrica Blanco','2017','Verdejo','3.0',3,24.5,193),(827,427,'Porcellanic VI Xarel-lo Sur Lie','2011','Unknown','Unknown',0,110.47,33),(828,428,'Don PX Convento Seleccion','1946','Pedro Ximenez','5.0',1,350,398),(829,428,'Don PX Gran Reserva','1990','Pedro Ximenez','5.0',1,35.9,73),(830,428,'Don PX Pedro Ximenez','1946','Pedro Ximenez','5.0',1,285.86,103),(831,428,'Don PX Seleccion','1965','Pedro Ximenez','5.0',1,144.99,65),(832,428,'Don PX Vieja Cosecha','1973','Pedro Ximenez','5.0',1,113,95),(833,428,'Gines Liebana Pedro Ximenez','1910','Pedro Ximenez','5.0',1,701.05,70),(834,428,'Marques de Poley Amontillado Seleccion 1951','1951','Pedro Ximenez','5.0',1,169.95,53),(835,429,'Baron de Ona Rioja Reserva','1995','Rioja Red','4.0',3,50,46),(836,429,'Finca Martelo','2015','Rioja Red','4.0',3,21.15,512),(837,429,'Martelo Reserva','2015','Rioja Red','4.0',3,23.43,119),(838,430,'Valcavado de Traslascuestas','2014','Ribera Del Duero Red','5.0',3,35.48,31),(839,431,'Nobbis','2019','Tempranillo','4.0',2,12.8,45),(840,432,'Tm','2016','Tempranillo','4.0',2,100,71),(841,432,'Vendimia','2017','Ribera Del Duero Red','5.0',3,28.7315,581),(842,433,'Prieto Picudo','2016','Red','4.0',3,21.4,198),(843,433,'Rejon Tempranillo','2015','Tempranillo','4.0',2,35.75,664),(844,434,'Pico de Luyas','2016','Ribera Del Duero Red','5.0',3,47.95,103),(845,435,'Tinto','2019','Rioja Red','4.0',3,40.5,38),(846,436,'Palomero','2010','Ribera Del Duero Red','5.0',3,44.95,38),(847,437,'Rioja Blanco','2018','Rioja White','3.0',3,17.75,540),(848,437,'Rioja Reserva','2014','Rioja Red','4.0',3,19.4,696),(849,437,'Rioja Reserva 10 Anos Despues Edicion Limitada','2011','Rioja Red','4.0',3,57.9,88),(850,438,'Cuvee Verdejo','2018','Verdejo','3.0',3,12,31),(851,439,'Pago de Las Costanas','2005','Tempranillo','4.0',2,40.2,27),(852,440,'Juegabolos','2017','Ribera Del Duero Red','5.0',3,28.6,56),(853,440,'Tinto','2018','Ribera Del Duero Red','5.0',3,21.5,481),(854,440,'Tomas Esteban','2011','Ribera Del Duero Red','5.0',3,71.3,32),(855,441,'Cardenal Palo Cortado VORS','N.V.','Sherry','4.0',3,176.5,116),(856,441,'Coliseo Amontillado VORS','N.V.','Sherry','4.0',3,199,81),(857,441,'Toneles Moscatel','N.V.','Sherry','4.0',3,253,174),(858,442,'Honoris','2005','Ribera Del Duero Red','5.0',3,35,37),(859,443,'Idus','2020','Priorat Red','4.0',3,34.3,41),(860,443,'Mas de la Rosa','2016','Priorat Red','4.0',3,367.39,53),(861,443,'Porrera Vi de Vila','2017','Priorat Red','4.0',3,43.95,122),(862,444,'V2 Tinto','2009','Red','4.0',3,43.6839,49),(863,445,'Finca Monteviejo','2017','Rioja Red','4.0',3,32,62),(864,446,'Finca la Atalaya Reserva','2017','Ribera Del Duero Red','5.0',3,23.5,114),(865,446,'Ribera del Duero Vendimia Seleccionada VT','2018','Ribera Del Duero Red','5.0',3,27.9,34),(866,447,'Unico','2009','Ribera Del Duero Red','5.0',3,324.95,1793),(867,447,'Unico Reserva Especial Edicion','2015','Ribera Del Duero Red','5.0',3,345,643),(868,447,'Valbuena 5o','2010','Ribera Del Duero Red','5.0',3,239.5,5266),(869,448,'Pago de los Balagueses Syrah','2017','Syrah','4.0',3,17.7,559),(870,449,'Blanco','2013','Unknown','Unknown',0,14.96,45),(871,450,'La Cuartilleja Reserva','2016','Ribera Del Duero Red','5.0',3,39.9,39),(872,451,'Venus','2009','Montsant Red','4.0',3,59.55,207),(873,451,'Venus de la Figuera','2017','Montsant Red','Unknown',0,51.5,26),(874,452,'Capricho Crianza','2017','Ribera Del Duero Red','5.0',3,15.4438,41),(875,453,'40 Aniversario Gran Reserva','2012','Ribera Del Duero Red','5.0',3,95,25),(876,453,'Gran Reserva','2014','Ribera Del Duero Red','5.0',3,122.668,60),(877,453,'La Navilla','2017','Ribera Del Duero Red','5.0',3,24.9,27),(878,453,'Perez Pascuas Gran Reserva Seleccion','2010','Ribera Del Duero Red','5.0',3,210.5,305),(879,453,'Reserva','2012','Ribera Del Duero Red','5.0',3,29.93,628),(880,454,'Alto de la Caseta','2015','Rioja Red','4.0',3,82.5,54),(881,454,'Reserva','1970','Rioja Red','4.0',3,72,25),(882,454,'Vinos Singulares Tempranillo Blanco Reserva','2014','Rioja White','3.0',3,34.9,141),(883,455,'Rioja Gran Reserva','1986','Rioja Red','4.0',3,123,35),(884,456,'Pago de Santa Cruz','2018','Ribera Del Duero Red','5.0',3,68.7,211),(885,456,'Pago de Santa Cruz Gran Reserva Ribera del Duero','2014','Ribera Del Duero Red','5.0',3,54.9,115),(886,456,'Pesus Ribera del Duero','2007','Ribera Del Duero Red','5.0',3,360,68),(887,456,'Regina Vides Ribera del Duero','1998','Ribera Del Duero Red','5.0',3,94.2,30),(888,457,'Altos de Las Gateras Monastrell','2013','Monastrell','5.0',3,58.19,51),(889,458,'Cenit','2012','Tempranillo','4.0',2,37.5,92),(890,459,'Blecua Somontano','2013','Red','4.0',3,69.9,135),(891,460,'Finca La Emperatriz Vinedo Singular Tinto','2017','Rioja Red','4.0',3,33.55,41),(892,460,'Las Cenizas Tempranillo','2018','Rioja Red','4.0',3,19.95,43),(893,461,'El Puntido','2014','Rioja Red','4.0',3,86.15,1067),(894,461,'El Puntido Gran Reserva','2007','Rioja Red','4.0',3,49.65,267),(895,461,'La Nieta','2015','Rioja Red','4.0',3,82.58,312),(896,462,'200 Monges Edicion Exclusiva Blanco Reserva','2010','Rioja White','3.0',3,51.45,38),(897,462,'200 Monges Rioja Gran Reserva','2001','Rioja Red','4.0',3,52,349),(898,462,'200 Monges Rioja Reserva','2011','Rioja Red','4.0',3,37.57,1098),(899,462,'200 Monges Rioja Reserva Seleccion Especial','2006','Rioja Red','4.0',3,59.25,32),(900,462,'200 Monges Rioja Seleccion Especial Reserva Blanco','2008','Rioja White','3.0',3,61.5,36),(901,462,'Confesor Rioja','2004','Rioja Red','4.0',3,107.5,42),(902,463,'Reserva Vermouth Rojo','N.V.','Unknown','Unknown',0,8.95,166),(903,464,'Finca La Colina Sauvignon Blanc','2021','Sauvignon Blanc','3.0',3,13.45,27),(904,465,'Chardonnay Roure','2018','Chardonnay','4.0',3,30.3,221),(905,466,'Teixar','2015','Montsant Red','4.0',3,51.05,99),(906,466,'Vinyes Velles de Samso','2016','Montsant Red','4.0',3,36.93,73),(907,467,'Nus del Terrer','2016','Red','4.0',3,25.9,28),(908,468,'S\'Alou','2018','Red','4.0',3,31.5,64),(909,469,'El Canto del Angel','2014','Ribera Del Duero Red','5.0',3,59.95,66),(910,470,'Tinto','2016','Ribera Del Duero Red','5.0',3,119,52),(911,471,'4 Varietales Coleccion Rioja','2017','Rioja Red','4.0',3,24,37),(912,471,'Parcelas de Maturana Tinta Coleccion Rioja','2017','Rioja Red','4.0',3,36.5,44),(913,472,'Celia','2011','Ribera Del Duero Red','5.0',3,60.06,44),(914,472,'Ines','2010','Ribera Del Duero Red','5.0',3,76.87,37),(915,472,'Ribera del Duero Torralvo','2018','Ribera Del Duero Red','5.0',3,32.45,80),(916,473,'Alicante Bouschet by Tarima','2017','Red','4.0',3,17.15,658),(917,473,'Cuvee Old Vines Unfiltered','2017','Red','4.0',3,19.99,241),(918,473,'Triga','2016','Red','4.0',3,34.9,852),(919,474,'Canasta 20 Anos Cream','N.V.','Pedro Ximenez','5.0',1,29.25,49),(923,475,'Monada','2013','Red','4.0',3,35.4,33),(924,476,'Finca Las Naves','2016','Rioja Red','4.0',3,126.64,63),(925,476,'Grano a Grano','2017','Rioja Red','4.0',3,75,37),(926,476,'Seleccion','2016','Rioja Red','4.0',3,30,28),(927,477,'Tras da Vina Albarino','2018','Albarino','Unknown',0,33.67,155),(928,478,'Pago de las Sabinas','2016','Ribera Del Duero Red','5.0',3,39.55,28),(929,478,'Senda de Los Olivos Roble','2020','Ribera Del Duero Red','5.0',3,8.9,25),(930,479,'Vinas Viejas Aguilera','2010','Priorat Red','4.0',3,69,76);
/*!40000 ALTER TABLE `Wine` ENABLE KEYS */;
UNLOCK TABLES;

--
-- Table structure for table `Winery`
--

DROP TABLE IF EXISTS `Winery`;
/*!40101 SET @saved_cs_client     = @@character_set_client */;
/*!40101 SET character_set_client = utf8 */;
CREATE TABLE `Winery` (
  `wineryID` int NOT NULL AUTO_INCREMENT,
  `winery` varchar(50) DEFAULT NULL,
  `region` varchar(50) DEFAULT NULL,
  PRIMARY KEY (`wineryID`)
) ENGINE=InnoDB AUTO_INCREMENT=482 DEFAULT CHARSET=utf8mb4 COLLATE=utf8mb4_0900_ai_ci;
/*!40101 SET character_set_client = @saved_cs_client */;

--
-- Dumping data for table `Winery`
--

LOCK TABLES `Winery` WRITE;
/*!40000 ALTER TABLE `Winery` DISABLE KEYS */;
INSERT INTO `Winery` VALUES (1,'AGE','Rioja'),(2,'Aalto','Ribera del Duero'),(3,'Abadal','Pla de Bages'),(4,'Abadia Retuerta','Sardon de Duero'),(5,'Abel Mendoza Monge','Rioja'),(6,'Acustic Celler','Priorato'),(7,'Adama Wines','Ribera del Duero'),(8,'Adega Familiar Eladio Pineiro','Rias Baixas'),(9,'Agusti Torello Mata','Cava'),(10,'Albamar','Rias Baixas'),(11,'Albet i Noya','Penedes'),(12,'Algueira','Ribeira Sacra'),(13,'Alion','Ribera del Duero'),(14,'Allende','Rioja'),(15,'Alonso & Pedrajo','Rioja'),(16,'Alonso del Yerro','Ribera del Duero'),(17,'Alta Alella','Alella'),(18,'Altanza','Rioja'),(19,'Alto Moncayo','Campo de Borja'),(20,'Altos de Rioja','Rioja'),(21,'Altos del Enebro','Ribera del Duero'),(22,'Altos del Terral','Ribera del Duero'),(23,'Alvaro Domecq','Jerez Pedro Ximenes (PX)'),(24,'Alvaro Palacios','Priorato'),(25,'Alvear','Montilla-Moriles'),(26,'Amos Baneres','Penedes'),(27,'Anayon','Carinena'),(28,'Anibal de Otero','Bierzo'),(29,'Anima Negra','Mallorca'),(30,'Antidoto','Ribera del Duero'),(31,'Arid','Penedes'),(32,'Arinzano','Arinzano'),(33,'Artadi','Vino de Espana'),(34,'Arzuaga','Ribera del Duero'),(35,'Aster','Ribera del Duero'),(36,'Astrales','Ribera del Duero'),(37,'Atalaya','Almansa'),(38,'Atlan & Artisan','Mallorca'),(39,'Atlantida','Cadiz'),(40,'Attis','Rias Baixas'),(41,'Ausas','Ribera del Duero'),(42,'Avancia','Valdeorras'),(43,'Avgvstvs','Penedes'),(44,'Azpilicueta','Rioja'),(45,'Baigorri','Rioja'),(46,'Balandro','Manzanilla'),(47,'Baluarte','Navarra'),(48,'Barahonda','Yecla'),(49,'Barbadillo','Jerez Palo Cortado'),(50,'Barco del Corneta','Castilla y Leon'),(51,'Belondrade','Rueda'),(52,'Benjamin de Rothschild - Vega Sicilia','Rioja'),(53,'Berceo','Rioja'),(54,'Beronia','Rioja'),(55,'Biniagual','Binissalem-Mallorca'),(56,'Binigrau','Mallorca'),(57,'Bodega Aida i Luis','Alicante'),(58,'Bodega Campo Eliseo','Toro'),(59,'Bodega Contador (Benjamin Romeo)','Rioja'),(60,'Bodega Elias Mora','Toro'),(61,'Bodega Juan Carlos Sancha','Rioja'),(62,'Bodega Numanthia','Toro'),(63,'Bodega Otazu','Navarra'),(64,'Bodega Rento','Ribera del Duero'),(65,'Bodega Ribas','Mallorca'),(66,'Bodega Sommos','Somontano'),(67,'Bodega Tameran','Gran Canaria'),(68,'Bodega Tesalia','Andalucia'),(69,'Bodega de Bardos','Ribera del Duero'),(70,'Bodegas 6o Elemento - Vino Sexto Elemento','Utiel-Requena'),(71,'Bodegas Amaren','Rioja'),(72,'Bodegas Aragonesas','Campo de Borja'),(73,'Bodegas Arfe','Jerez-Xeres-Sherry'),(74,'Bodegas Arrocal','Ribera del Duero'),(75,'Bodegas Asenjo & Manso','Ribera del Duero'),(76,'Bodegas Ateca','Calatayud'),(77,'Bodegas Casa Primicia','Rioja'),(78,'Bodegas Celler Francisco Castillo - Clos Dominic','Priorato'),(79,'Bodegas Clunia','Castilla y Leon'),(80,'Bodegas El Nido','Jumilla'),(81,'Bodegas El Paraguas','Ribeiro'),(82,'Bodegas Estraunza','Rioja'),(83,'Bodegas Faustino','Rioja'),(84,'Bodegas Frontaura','Toro'),(85,'Bodegas Frontonio','Aragon'),(86,'Bodegas Gama','Rioja'),(87,'Bodegas Imperiales - Abadia de San Quirce','Ribera del Duero'),(88,'Bodegas La Horra','Ribera del Duero'),(89,'Bodegas Luis Perez','Andalucia'),(90,'Bodegas Mas Alta','Priorato'),(91,'Bodegas Mauro','Castilla y Leon'),(92,'Bodegas Monte La Reina','Toro'),(93,'Bodegas Naluar & Acediano','Ribera del Duero'),(94,'Bodegas Ochoa','Navarra'),(95,'Bodegas Olarra','Rioja'),(96,'Bodegas Reyes','Ribera del Duero'),(97,'Bodegas Roda','Rioja'),(98,'Bodegas San Roman','Toro'),(99,'Bodegas Tierra','Rioja'),(100,'Bodegas Tradicion','Jerez Pedro Ximenes (PX)'),(101,'Bodegas Urium','Jerez Amontillado'),(102,'Bodegas Valdelana','Rioja'),(103,'Bodegas Valduero','Ribera del Duero'),(104,'Bodegas Vilano','Ribera del Duero'),(105,'Bodegas Ximenez-Spinola','Jerez Pedro Ximenes (PX)'),(106,'Bodegas Y Vinedos Alilian','Ribera del Duero'),(107,'Bodegas Yuste','Jerez-Xeres-Sherry'),(108,'Bodegas Yzaguirre','Cataluna'),(109,'Bohorquez','Ribera del Duero'),(110,'Bordalas Garcia','Priorato'),(111,'Bosque de Matasnos','Ribera del Duero'),(112,'Breca','Calatayud'),(113,'Briego','Ribera del Duero'),(114,'Buil & Gine','Priorato'),(115,'Ca l\'Apotecari','Priorato'),(116,'Cal Batllet - Celler Ripoll Sans','Priorato'),(117,'Cal Pla','Priorato'),(118,'Callejuela','Jerez-Xeres-Sherry'),(119,'Campillo','Rioja'),(120,'Can Axartell','Mallorca'),(121,'Can Bas','Penedes'),(122,'Can Rafols dels Caus','Cataluna'),(123,'Can Xanet','Mallorca'),(124,'Capafons-Osso','Priorato'),(125,'Carlos Moro','Rioja'),(126,'Carlos Serres','Rioja'),(127,'Carmelo Rodero','Ribera del Duero'),(128,'Cartoixa de Montsalvat','Priorato'),(129,'Casa Castillo','Jumilla'),(130,'Casa Rojo','Jumilla'),(131,'Casal de Arman','Ribeiro'),(132,'Castano','Yecla'),(133,'Castell Miquel','Mallorca'),(134,'Castell d\'Encus','Costers del Segre'),(135,'Castell del Remei','Costers del Segre'),(136,'Castillo Perelada','Emporda'),(137,'Castillo de Cuzcurrita','Rioja'),(138,'Cayetano del Pino','Jerez-Xeres-Sherry'),(139,'Celler de Capcanes','Montsant'),(140,'Cepa 21','Ribera del Duero'),(141,'Cepas Familiares','Ribera del Duero'),(142,'Cerro San Cristobal','Condado de Huelva'),(143,'Cervoles','Costers del Segre'),(144,'Chivite','Navarra'),(145,'Chozas Carrascal','Utiel-Requena'),(146,'Cillar de Silos','Ribera del Duero'),(147,'Cims de Porrera','Priorato'),(148,'Clos Erasmus','Priorato'),(149,'Clos Figueras','Priorato'),(150,'Clos Galena','Priorato'),(151,'Clos Mogador','Priorato'),(152,'Clos Pons','Costers del Segre'),(153,'Clos d\'Agon','Cataluna'),(154,'Codorniu','Cava'),(155,'Collbaix Celler El Moli','Pla de Bages'),(156,'Comenge','Ribera del Duero'),(157,'Condado de Haza','Ribera del Duero'),(158,'Conreria d\'Scala Dei','Priorato'),(159,'Contino','Rioja'),(160,'Costers del Priorat','Priorato'),(161,'Costers del Siurana','Priorato'),(162,'Cruz de Alba','Ribera del Duero'),(163,'Cuentavinas','Rioja'),(164,'Culebron','Alicante'),(165,'David Moreno','Rioja'),(166,'De Moya','Valencia'),(167,'De Muller','Priorato'),(168,'Dehesa de Los Canonigos','Ribera del Duero'),(169,'Dehesa del Carrizal','Dehesa del Carrizal'),(170,'Delgado Zuleta','Jerez Amontillado'),(171,'Descendientes de J. Palacios','Bierzo'),(172,'Diez Caballero','Rioja'),(173,'Diez Merito','Jerez Amontillado'),(174,'Divina Proporcion','Toro'),(175,'Do Ferreiro (Bodegas Gerardo Mendez)','Rias Baixas'),(176,'Dominio Fournier','Ribera del Duero'),(177,'Dominio de Anza','Rioja'),(178,'Dominio de Atauta','Ribera del Duero'),(179,'Dominio de Cair','Ribera del Duero'),(180,'Dominio de Calogia','Ribera del Duero'),(181,'Dominio de Es','Ribera del Duero'),(182,'Dominio de Loalva','Ribera del Duero'),(183,'Dominio de Pingus','Ribera del Duero'),(184,'Dominio de la Vega','Utiel-Requena'),(185,'Dominio del Aguila','Ribera del Duero'),(186,'Dominio del Bendito','Toro'),(187,'Dominio do Bibei','Ribeira Sacra'),(188,'Edetaria','Terra Alta'),(189,'Edra','Ribera del Gallego-Cinco Villas'),(190,'El Coto','Rioja'),(191,'El Grillo y La Luna','Somontano'),(192,'El Lagar de Isilla','Ribera del Duero'),(193,'El Maestro Sierra','Jerez Palo Cortado'),(194,'El Regajal','Castilla y Leon'),(195,'Emilio Hidalgo','Jerez-Xeres-Sherry'),(196,'Emilio Moro','Ribera del Duero'),(197,'Emilio Rojo','Ribeiro'),(198,'Enate','Somontano'),(199,'Enric Soler','Penedes'),(200,'Enrique Mendoza','Alicante'),(201,'Equipo Navazos','Manzanilla'),(202,'Es Fangar','Pla i Llevant'),(203,'Espectacle del Montsant','Montsant'),(204,'Espelt','Emporda'),(205,'Estones','Montsant'),(206,'Eulogio Pomares','Rias Baixas'),(207,'Familia Torres','Conca de Barbera'),(208,'Farina','Toro'),(209,'Federico Paternina','Rioja'),(210,'Fefinanes','Rias Baixas'),(211,'Felix Solis','Vino de Espana'),(212,'Fernandez Gao','Jerez-Xeres-Sherry'),(213,'Fernandez de Pierola','Rioja'),(214,'Fernando de Castilla','Jerez Palo Cortado'),(215,'Ferrer Bobet','Priorato'),(216,'Figuero','Ribera del Duero'),(217,'Finca Moncloa','Cadiz'),(218,'Finca Rio Negro','La Mancha'),(219,'Finca Torremilanos','Ribera del Duero'),(220,'Finca Valpiedra','Rioja'),(221,'Finca Villacreces','Ribera del Duero'),(222,'Flor de Chasna','Abona'),(223,'Fos','Rioja'),(224,'Francisco Barona','Ribera del Duero'),(225,'Francisco Garcia Perez','Ribeiro'),(226,'Freixenet','Cava'),(227,'Galindo San Millan','Toro'),(228,'Gallina de Piel','Ribeiro'),(229,'Garmon','Ribera del Duero'),(230,'Godeval','Valdeorras'),(231,'Gomez Cruzado','Rioja'),(232,'Gonzalez-Byass','Jerez Palo Cortado'),(233,'Goyo Garcia Viadero','Ribera del Duero'),(234,'Gramona','Cava'),(235,'Guilera','Cava'),(236,'Guillem Carol - Cellers Carol Valles','Cava'),(237,'Gutierrez de la Vega','Alicante'),(238,'Habla','Extremadura'),(239,'Hacienda Grimon','Rioja'),(240,'Hacienda Lopez de Haro','Rioja'),(241,'Hacienda Monasterio','Ribera del Duero'),(242,'Hacienda Solano','Ribera del Duero'),(243,'Hacienda Zorita Natural Reserve','Arribes'),(244,'Harveys','Jerez Pedro Ximenes (PX)'),(245,'Hermanos Pecina','Rioja'),(246,'Hidalgo (La Gitana)','Jerez-Xeres-Sherry'),(247,'Hispano Suizas','Utiel-Requena'),(248,'Huerta de Albala','Cadiz'),(249,'Hugas de Batlle','Emporda'),(250,'Imperial','Rioja'),(251,'Inurrieta','Navarra'),(252,'Jaro','Ribera del Duero'),(253,'Javi Revert','Valencia'),(254,'Javier Sanz Viticultor','Rueda'),(255,'Jean Leon','Penedes'),(256,'Jesus Madrazo','Rioja'),(257,'Jimenez-Landi','Castilla y Leon'),(258,'Joan Simo','Priorato'),(259,'Joan d\'Anguera','Montsant'),(260,'Jorge Ordonez','Malaga'),(261,'Jorge Piernas','Murcia'),(262,'Jose Pariente','Rueda'),(263,'Josep Grau Viticultor','Montsant'),(264,'Juan Gil','Jumilla'),(265,'Juan Pinero','Jerez Amontillado'),(266,'Juve & Camps','Cava'),(267,'La Legua','Cigales'),(268,'La Rioja Alta','Rioja'),(269,'La Unica','Vino de Espana'),(270,'La Val','Rias Baixas'),(271,'La Vicalanda','Rioja'),(272,'La Vinya del Vuit','Priorato'),(273,'Ladairo','Monterrei'),(274,'Lagar de Sabariz','Galicia'),(275,'Lambuena','Ribera del Duero'),(276,'Lan','Rioja'),(277,'Lar de Paula','Rioja'),(278,'Leda','Castilla y Leon'),(279,'Legaris','Ribera del Duero'),(280,'Llanos Negros','La Palma'),(281,'Llopart','Cava'),(282,'Loess','Ribera del Duero'),(283,'Lopez Cristobal','Ribera del Duero'),(284,'Los Aguilares','Sierras de Malaga'),(285,'Losada','Bierzo'),(286,'Loxera','Valencia'),(287,'Luis A. Rodriguez Vazquez','Ribeiro'),(288,'Luis Canas','Rioja'),(289,'Lustau','Jerez-Xeres-Sherry'),(290,'M. Antonio de la Riva','Jerez-Xeres-Sherry'),(291,'Mandia Vell','Mallorca'),(292,'Mar de Frades','Rias Baixas'),(293,'Marco Abella','Priorato'),(294,'Marques de Burgos','Ribera del Duero'),(295,'Marques de Caceres','Rioja'),(296,'Marques de Grinon','Dominio de Valdepusa'),(297,'Marques de Murrieta','Rioja'),(298,'Marques de Riscal','Rioja'),(299,'Marques de Tomares','Rioja'),(300,'Marques de Vargas','Rioja'),(301,'Marques de la Concordia','Rioja'),(302,'Marta Mate','Ribera del Duero'),(303,'Marti Fabra','Emporda'),(304,'Martin Codax','Vino de Espana'),(305,'Martinet','Priorato'),(306,'Martinez Lacuesta','Rioja Alta'),(307,'Mas Bertran','Penedes'),(308,'Mas Blanch I Jove','Costers del Segre'),(309,'Mas Doix','Priorato'),(310,'Mas Llunes','Emporda'),(311,'Mas Perinet','Priorato'),(312,'Mas Que Vinos','Castilla'),(313,'Mas d\'en Gil','Priorato'),(314,'Mas de les Pereres','Priorato'),(315,'Mas del Serral','Penedes'),(316,'Matarromera','Ribera del Duero'),(317,'Matsu','Toro'),(318,'Mauro Estevez','Ribeiro'),(319,'Merum Priorati','Priorato'),(320,'Mestres','Cava'),(321,'Micro Bio (MicroBio)','Vino de Espana'),(322,'Miguel Merino','Rioja Alta'),(323,'Milsetentayseis','Ribera del Duero'),(324,'Mocen','Rueda'),(325,'Monovar','Alicante'),(326,'Monte Real','Rioja'),(327,'Monteabellon','Ribera del Duero'),(328,'Montecastro','Ribera del Duero'),(329,'Morca','Campo de Borja'),(330,'Muga','Rioja'),(331,'Murua','Rioja'),(332,'Murviedro','Valencia'),(333,'Museum','Cigales'),(334,'Mustiguillo','El Terrerazo'),(335,'Naia','Rueda'),(336,'Navajas','Rioja'),(337,'Neo','Ribera del Duero'),(338,'Neton','Castilla y Leon'),(339,'Nin-Ortiz','Priorato'),(340,'Noelia Bebelia','Rias Baixas'),(341,'Olivardots','Emporda'),(342,'Olivier Riviere','Rioja'),(343,'Oller del Mas','Pla de Bages'),(344,'Ontanon','Rioja'),(345,'Orben','Rioja'),(346,'Ordonez','Toro'),(347,'Osborne','Jerez-Xeres-Sherry'),(348,'Ossian','Castilla y Leon'),(349,'Ostatu','Rioja Alavesa'),(350,'Oxer Wines','Rioja'),(351,'Paco & Lola','Rias Baixas'),(352,'Pago Calzadilla','Pago Calzadilla'),(353,'Pago de Carraovejas','Ribera del Duero'),(354,'Pago de Larrainzar','Navarra'),(355,'Pago de Los Capellanes','Ribera del Duero'),(356,'Pago de Vallegarcia','Castilla'),(357,'Pago del Vostal','Ribera del Duero'),(358,'Palacios Remondo','Rioja'),(359,'Palmeri Sicilia','Campo de Borja'),(360,'Particular','Carinena'),(361,'Pazo Barrantes','Rias Baixas'),(362,'Pazo Senorans','Rias Baixas'),(363,'Pazo de Rubianes','Rias Baixas'),(364,'Pedralonga','Rias Baixas'),(365,'Penafiel','Ribera del Duero'),(366,'Pepe Mendoza Casa Agricola','Alicante'),(367,'Perez Barquero','Montilla-Moriles'),(368,'Perinet','Priorato'),(369,'Pinea','Ribera del Duero'),(370,'Pinna Fidelis','Ribera del Duero'),(371,'Pintia','Toro'),(372,'Pittacum','Bierzo'),(373,'Portal del Priorat','Priorato'),(374,'Portia','Ribera del Duero'),(375,'Pradorey','Ribera del Duero'),(376,'Protos','Ribera del Duero'),(377,'Proyecto Garnachas de Espana','Rioja'),(378,'Pujanza','Rioja'),(379,'Quinta Sardonia','Castilla y Leon'),(380,'Quinta de la Quietud','Toro'),(381,'R. Lopez de Heredia','Rioja'),(382,'Rafael Palacios','Valdeorras'),(383,'Ramon Bilbao','Rioja'),(384,'Ramon do Casar','Ribeiro'),(385,'Ramos-Paul','Malaga'),(386,'Raul Perez','Bierzo'),(387,'Real de Asua','Rioja'),(388,'Recaredo','Cava'),(389,'Remelluri','Rioja'),(390,'Remirez de Ganuza','Rioja'),(391,'Resalte','Ribera del Duero'),(392,'Rimarts','Cava'),(393,'Rodriguez Sanzo','Toro'),(394,'Rodriguez de Vera','Almansa'),(395,'Roig Parals','Emporda'),(396,'Romate','Jerez Palo Cortado'),(397,'Sacristia AB','Jerez-Xeres-Sherry'),(398,'Samsara','Sierras de Malaga'),(399,'San Cobate','Ribera del Duero'),(400,'Sangenis I Vaque','Priorato'),(401,'Santa Petronila','Jerez-Xeres-Sherry'),(402,'Santiago Ruiz','Rias Baixas'),(403,'Sara Perez y Rene Barbier','Priorato'),(404,'Scala Dei','Priorato'),(405,'Sebio','Ribeiro'),(406,'Sei Solo','Ribera del Duero'),(407,'Senorio de San Vicente','Rioja'),(408,'Shaya','Rueda'),(409,'Sierra Cantabria','Rioja'),(410,'Sierra Salinas','Alicante'),(411,'Sonsierra','Rioja Alta'),(412,'Sota els Angels','Emporda'),(413,'St. Petroni','Galicia'),(414,'Taron','Rioja Alta'),(415,'Tarsus','Ribera del Duero'),(416,'Telmo Rodriguez','Malaga'),(417,'Terra Remota','Emporda'),(418,'Terra d\'Uro','Toro'),(419,'Terras Gauda','Rias Baixas'),(420,'Territorio Luthier','Ribera del Duero'),(421,'Terroir Al Limit Soc. Lda','Priorato'),(422,'Teso La Monja','Toro'),(423,'Tinto Pesquera','Ribera del Duero'),(424,'Tio Pepe','Jerez Amontillado'),(425,'Tobia','Rioja'),(426,'Tomas Postigo','Ribera del Duero'),(427,'Ton Rimbau','Penedes'),(428,'Toro Albala','Montilla-Moriles'),(429,'Torre de Ona','Rioja'),(430,'Traslascuestas','Ribera del Duero'),(431,'Tres Piedras','Ribera del Duero'),(432,'Tresmano - Tr3smano','Ribera del Duero'),(433,'Tridente','Castilla y Leon'),(434,'Trus','Ribera del Duero'),(435,'Ukan Winery','Rioja Alavesa'),(436,'Uvaguilera Aguilera','Ribera del Duero'),(437,'VALENCISO','Rioja'),(438,'Valdecuevas','Rueda'),(439,'Valdelosfrailes','Castilla y Leon'),(440,'Valderiz','Ribera del Duero'),(441,'Valdespino','Jerez-Xeres-Sherry'),(442,'Valdubon','Ribera del Duero'),(443,'Vall Llach','Priorato'),(444,'Valquejigoso','Madrid'),(445,'Valserrano','Rioja'),(446,'Valtravieso','Ribera del Duero'),(447,'Vega Sicilia','Ribera del Duero'),(448,'Vegalfaro','Utiel-Requena'),(449,'Veigamoura','Rias Baixas'),(450,'Venta Las Vacas','Ribera del Duero'),(451,'Venus la Universal','Montsant'),(452,'Veronica Salgado','Ribera del Duero'),(453,'Vina Pedrosa','Ribera del Duero'),(454,'Vina Pomal','Rioja'),(455,'Vina Real','Rioja'),(456,'Vina Sastre','Ribera del Duero'),(457,'Vina al Lado de la Casa','Vino de Espana'),(458,'Vinas del Cenit','Tierra del Vino de Zamora'),(459,'Vinas del Vero','Somontano'),(460,'Vinedos Hermanos Hernaiz','Rioja Alta'),(461,'Vinedos de Paganos','Rioja'),(462,'Vinicola Real','Rioja'),(463,'Vinos Guerra','Bierzo'),(464,'Vinos Sanz','Rueda'),(465,'Vins Miquel Gelabert','Pla i Llevant'),(466,'Vinyes Domenech','Montsant'),(467,'Vinyes del Terrer','Tarragona'),(468,'Vinyes dels Aspres','Emporda'),(469,'Virgen de la Asuncion','Ribera del Duero'),(470,'Vivaltus','Ribera del Duero'),(471,'Vivanco','Rioja'),(472,'Vizcarra','Ribera del Duero'),(473,'Volver','Alicante'),(474,'Williams & Humbert','Jerez-Xeres-Sherry'),(475,'Xaloc','Mallorca'),(476,'Ysios','Rioja'),(477,'Zarate','Rias Baixas'),(478,'Zifar','Ribera del Duero'),(479,'l\'Infernal Combier Fischer Gerin','Priorato'),(480,'A Coroa','Valdeorras'),(481,'A Coroa','Valdeorras');
/*!40000 ALTER TABLE `Winery` ENABLE KEYS */;
UNLOCK TABLES;
/*!40103 SET TIME_ZONE=@OLD_TIME_ZONE */;

/*!40101 SET SQL_MODE=@OLD_SQL_MODE */;
/*!40014 SET FOREIGN_KEY_CHECKS=@OLD_FOREIGN_KEY_CHECKS */;
/*!40014 SET UNIQUE_CHECKS=@OLD_UNIQUE_CHECKS */;
/*!40101 SET CHARACTER_SET_CLIENT=@OLD_CHARACTER_SET_CLIENT */;
/*!40101 SET CHARACTER_SET_RESULTS=@OLD_CHARACTER_SET_RESULTS */;
/*!40101 SET COLLATION_CONNECTION=@OLD_COLLATION_CONNECTION */;
/*!40111 SET SQL_NOTES=@OLD_SQL_NOTES */;

-- Dump completed on 2025-06-14 16:56:20
